coffee_id,total_cup_points,cupper_points,aroma,flavor,aftertaste,acidity,body,balance,moisture
1,90.58,8.75,8.67,8.83,8.67,8.75,8.5,8.42,0.12
2,89.92,8.58,8.75,8.67,8.5,8.58,8.42,8.42,0.12
3,89.75,9.25,8.42,8.5,8.42,8.42,8.33,8.42,0.0
4,89.0,8.67,8.17,8.58,8.42,8.42,8.5,8.25,0.11
5,88.83,8.58,8.25,8.5,8.25,8.5,8.42,8.33,0.12
6,88.83,8.33,8.58,8.42,8.42,8.5,8.25,8.33,0.11
7,88.75,8.5,8.42,8.5,8.33,8.5,8.25,8.25,0.11
8,88.67,9.0,8.25,8.33,8.5,8.42,8.33,8.5,0.03
9,88.42,8.67,8.67,8.67,8.58,8.42,8.33,8.42,0.03
10,88.25,8.5,8.08,8.58,8.5,8.5,7.67,8.42,0.1
11,88.08,8.58,8.17,8.67,8.25,8.5,7.75,8.17,0.1
12,87.92,8.5,8.25,8.42,8.17,8.33,8.08,8.17,0.0
13,87.92,8.33,8.08,8.67,8.33,8.42,8.0,8.08,0.0
14,87.92,8.58,8.33,8.42,8.08,8.25,8.25,8.0,0.0
15,87.83,8.5,8.25,8.33,8.5,8.25,8.58,8.75,0.05
16,87.58,8.17,8.0,8.5,8.58,8.17,8.17,8.0,0.0
17,87.42,8.33,8.33,8.25,7.83,7.75,8.5,8.42,0.03
18,87.33,8.83,8.17,8.33,8.25,8.33,8.42,8.33,0.05
19,87.25,8.42,8.42,8.25,8.08,8.17,7.92,8.0,0.1
20,87.25,8.33,8.17,8.17,8.0,8.17,8.08,8.33,0.0
21,87.25,8.17,8.0,8.25,8.08,8.5,8.25,8.0,0.0
22,87.17,8.33,8.08,8.25,8.0,8.17,8.0,8.33,0.11
23,87.17,8.58,8.17,8.25,8.17,8.0,7.83,8.17,0.13
24,87.08,8.17,8.25,8.33,8.17,8.17,7.83,8.17,0.0
25,87.08,8.08,8.42,8.17,7.92,8.17,8.33,8.0,0.11
26,86.92,7.92,8.5,8.5,8.0,8.0,8.0,8.0,0.12
27,86.92,8.25,7.83,8.25,8.08,8.17,8.17,8.17,0.05
28,86.83,8.17,8.42,8.17,8.17,8.17,7.83,7.92,0.12
29,86.67,8.25,8.17,8.08,8.08,8.0,8.08,8.0,0.1
30,86.58,8.17,8.0,8.0,8.0,8.25,8.0,8.17,0.0
31,86.58,8.0,7.92,8.25,8.0,8.33,8.0,8.08,0.08
32,86.5,8.17,8.42,8.17,8.17,8.0,7.58,8.0,0.11
33,86.42,8.0,8.5,8.17,8.0,7.75,8.0,8.0,0.12
34,86.33,8.42,8.17,7.83,8.0,8.08,7.83,8.0,0.0
35,86.25,8.08,8.0,8.08,7.92,8.0,8.08,8.08,0.1
36,86.25,8.08,8.08,8.0,8.0,8.25,7.92,7.92,0.12
37,86.25,8.33,8.08,8.17,8.0,7.92,7.92,7.83,0.0
38,86.25,8.25,8.25,8.42,8.08,7.75,7.67,7.83,0.0
39,86.25,8.17,7.92,7.75,8.08,8.08,8.08,8.17,0.1
40,86.17,8.08,7.67,8.17,8.0,8.0,8.17,8.08,0.0
41,86.17,8.42,7.83,8.33,7.83,8.25,7.58,7.92,0.1
42,86.17,8.08,8.17,7.92,7.92,7.75,8.33,8.0,0.08
43,86.17,8.17,8.42,7.92,8.0,7.75,7.92,8.0,0.01
44,86.08,8.42,8.08,8.17,7.75,8.08,7.75,7.83,0.12
45,86.08,8.0,8.08,8.08,8.0,8.0,7.83,8.08,0.11
46,86.08,8.0,8.33,8.0,8.0,8.0,7.75,8.0,0.11
47,86.0,8.08,8.08,8.08,7.83,7.92,8.08,7.92,0.0
48,86.0,8.17,7.75,7.92,7.83,8.08,8.08,8.17,0.12
49,86.0,8.17,7.92,8.17,7.83,8.5,7.5,7.92,0.11
50,86.0,7.92,8.25,8.0,7.83,8.08,8.0,7.92,0.1
51,86.0,7.92,7.75,8.08,8.0,8.25,8.0,8.0,0.01
52,86.0,8.17,8.33,8.17,7.75,8.0,7.75,7.83,0.0
53,85.92,8.0,7.92,8.08,7.92,8.08,8.08,7.83,0.1
54,85.92,8.0,8.17,8.17,7.92,8.08,7.83,7.75,0.12
55,85.92,7.92,8.0,8.0,8.0,8.17,7.83,8.0,0.0
56,85.83,8.0,8.0,8.0,7.92,8.08,7.83,8.0,0.08
57,85.83,8.0,7.83,8.08,7.92,8.08,8.0,7.92,0.1
58,85.83,8.0,7.83,8.0,8.0,8.17,7.83,8.0,0.12
59,85.83,8.0,8.0,8.0,7.83,8.33,7.83,7.83,0.1
60,85.75,8.0,7.83,8.0,7.83,8.17,7.92,8.0,0.09
61,85.75,8.0,8.0,8.0,8.0,8.08,7.92,7.75,0.1
62,85.75,7.92,8.33,8.42,7.83,8.33,8.0,8.25,0.12
63,85.58,8.0,7.92,8.17,8.0,7.92,7.75,7.83,0.1
64,85.58,7.92,7.83,8.0,8.0,7.75,7.92,8.17,0.11
65,85.58,8.0,7.83,8.0,7.92,7.75,8.08,8.0,0.0
66,85.5,7.83,8.0,7.75,7.83,7.83,7.67,8.58,0.09
67,85.5,8.0,7.92,7.92,7.83,8.08,7.83,7.92,0.1
68,85.5,8.0,7.83,8.0,7.83,7.92,7.83,8.08,0.12
69,85.5,8.08,8.33,7.92,7.67,7.92,7.67,7.92,0.12
70,85.5,7.83,8.0,7.83,7.67,8.33,7.83,8.0,0.11
71,85.42,8.08,7.75,7.83,7.83,8.17,7.92,7.83,0.1
72,85.42,8.0,8.08,8.0,7.83,7.67,8.0,7.83,0.12
73,85.42,8.25,7.92,7.92,7.75,7.92,7.75,7.92,0.0
74,85.42,8.0,8.0,8.0,8.0,7.67,7.75,8.0,0.11
75,85.42,7.92,8.08,7.83,7.83,8.08,7.83,7.83,0.01
76,85.33,7.92,8.0,8.0,8.0,7.83,7.83,7.75,0.1
77,85.33,7.83,7.83,7.75,7.83,7.67,7.83,8.58,0.11
78,85.33,8.0,7.92,8.08,8.0,7.92,8.0,8.08,0.0
79,85.33,7.92,8.0,7.58,7.58,7.67,8.08,8.5,0.1
80,85.33,7.92,7.83,8.08,7.75,8.08,7.92,7.75,0.0
81,85.33,7.83,8.0,7.92,7.92,8.08,7.83,7.75,0.0
82,85.33,8.08,7.83,7.83,7.92,8.08,7.75,7.83,0.05
83,85.33,8.0,7.92,7.83,7.75,8.33,7.75,7.75,0.1
84,85.25,7.83,8.0,7.92,7.75,8.0,7.92,7.83,0.1
85,85.25,7.92,8.17,7.92,7.83,8.0,7.58,7.83,0.11
86,85.25,7.92,7.58,8.08,7.92,7.83,8.0,7.92,0.12
87,85.17,8.0,7.75,7.83,7.67,8.0,8.08,7.83,0.11
88,85.17,7.92,8.25,8.0,7.67,7.92,7.75,7.67,0.0
89,85.08,7.83,7.75,8.0,7.58,8.0,8.0,7.92,0.11
90,85.08,7.67,8.17,7.83,7.58,8.08,8.0,7.75,0.0
91,85.08,8.08,8.42,8.0,7.42,8.0,7.92,7.92,0.1
92,85.08,7.92,7.58,7.83,7.83,7.92,7.83,8.17,0.11
93,85.08,8.08,7.83,8.0,7.75,7.75,7.83,7.83,0.11
94,85.08,8.17,8.08,8.17,7.92,8.0,8.08,8.0,0.01
95,85.08,7.83,7.67,8.0,7.83,8.0,7.92,7.83,0.0
96,85.08,7.92,7.5,7.92,8.25,7.83,7.92,7.75,0.0
97,85.0,8.0,8.17,7.92,7.75,7.75,7.67,7.75,0.11
98,85.0,7.83,8.0,7.92,7.75,7.92,7.75,7.83,0.0
99,85.0,7.92,7.83,8.0,7.58,7.92,7.92,7.83,0.12
100,85.0,8.08,7.83,8.0,7.83,7.75,7.67,7.83,0.09
101,85.0,7.83,8.17,7.83,7.92,7.75,7.67,7.83,0.11
102,85.0,7.83,7.75,7.83,7.75,8.08,8.0,7.75,0.0
103,85.0,8.0,8.0,8.0,7.83,7.83,7.67,7.67,0.12
104,85.0,7.83,7.92,8.17,7.75,8.08,7.42,7.83,0.0
105,85.0,7.83,7.75,7.92,7.75,7.75,8.0,8.0,0.0
106,85.0,8.0,7.83,8.08,7.67,8.0,7.75,7.67,0.04
107,84.92,7.83,7.92,7.92,7.67,7.83,7.92,7.83,0.0
108,84.92,7.83,7.92,7.83,7.75,7.83,7.75,8.0,0.12
109,84.92,7.92,7.67,7.83,8.0,7.58,8.0,7.92,0.11
110,84.92,7.83,8.0,7.83,7.83,7.92,7.75,7.75,0.12
111,84.92,7.92,7.75,7.92,7.83,7.75,7.75,8.0,0.11
112,84.92,8.17,7.75,8.0,7.75,7.83,7.5,7.92,0.11
113,84.92,7.75,8.0,7.92,7.75,7.75,8.0,7.75,0.11
114,84.92,7.92,8.0,8.0,7.75,8.0,7.5,7.75,0.12
115,84.92,7.58,8.0,7.67,7.83,8.17,7.92,7.75,0.06
116,84.83,8.0,7.92,7.58,7.83,7.83,7.83,7.83,0.0
117,84.83,7.83,7.75,7.92,7.67,7.67,8.25,7.75,0.12
118,84.83,8.08,7.67,7.75,7.75,7.75,7.83,8.0,0.0
119,84.83,8.0,7.75,7.92,7.83,7.92,7.75,7.67,0.1
120,84.83,7.92,7.42,7.92,7.92,8.0,7.83,7.83,0.1
121,84.75,8.0,7.75,7.75,7.75,7.75,8.0,7.75,0.12
122,84.75,7.92,7.92,7.83,7.58,7.92,7.75,7.83,0.13
123,84.75,8.17,7.83,7.75,8.0,7.67,7.67,7.67,0.11
124,84.75,7.75,7.75,8.0,8.0,8.33,7.67,7.92,0.15
125,84.75,8.5,7.83,7.58,7.58,7.83,7.75,7.67,0.18
126,84.67,8.0,7.83,7.83,7.5,8.0,7.83,7.67,0.0
127,84.67,7.92,7.92,7.83,7.75,7.75,7.75,7.75,0.12
128,84.67,8.08,7.75,7.75,7.75,7.42,8.08,7.83,0.12
129,84.67,7.92,8.08,7.75,7.67,7.83,7.5,7.92,0.1
130,84.67,7.83,7.75,7.83,7.58,8.0,7.92,7.75,0.1
131,84.67,7.92,8.17,8.0,7.83,7.17,7.83,7.75,0.12
132,84.67,7.92,8.08,7.83,7.75,7.83,7.58,7.67,0.1
133,84.67,7.67,7.67,7.58,7.75,7.75,7.67,8.58,0.08
134,84.67,8.0,8.0,7.58,7.83,7.75,7.75,7.75,0.11
135,84.67,7.92,8.08,7.83,7.75,7.83,7.92,8.0,0.0
136,84.67,7.75,8.0,7.92,7.75,7.75,7.75,7.75,0.11
137,84.67,7.92,7.75,7.83,7.75,7.83,7.75,7.83,0.0
138,84.67,7.83,7.75,7.92,7.83,8.0,7.58,7.75,0.11
139,84.67,7.67,8.0,7.83,7.67,7.83,7.67,8.0,0.11
140,84.67,8.0,7.67,7.83,7.67,8.0,7.67,7.83,0.12
141,84.67,7.92,7.83,7.58,7.67,7.92,7.92,7.83,0.13
142,84.67,7.83,7.92,7.83,7.75,7.92,7.67,7.75,0.11
143,84.67,7.92,7.67,7.83,7.75,7.75,7.92,7.83,0.0
144,84.67,7.83,7.42,7.75,7.75,8.0,8.0,7.92,0.2
145,84.58,7.83,7.92,7.75,7.83,7.75,7.58,7.92,0.11
146,84.58,8.08,7.83,7.67,7.58,7.92,7.67,7.83,0.0
147,84.58,7.75,7.92,7.83,7.58,8.0,7.83,7.67,0.0
148,84.58,7.92,7.83,7.83,7.83,7.75,7.58,7.83,0.1
149,84.58,7.83,7.75,7.83,7.67,7.92,7.75,7.83,0.11
150,84.58,8.17,8.0,7.92,7.67,7.58,7.58,7.67,0.09
151,84.58,7.83,7.67,7.67,7.58,7.75,7.58,8.5,0.0
152,84.58,7.92,7.75,7.75,7.83,7.75,7.58,8.0,0.0
153,84.58,7.75,7.75,7.75,7.75,8.08,7.75,7.75,0.0
154,84.58,7.75,7.67,7.83,7.83,8.0,7.58,7.92,0.0
155,84.58,7.75,7.75,7.83,7.75,8.0,7.83,7.67,0.12
156,84.58,8.08,7.42,7.67,7.75,7.75,8.08,7.83,0.11
157,84.58,7.75,8.0,8.0,7.75,7.75,7.58,7.75,0.12
158,84.58,7.5,8.5,8.0,7.5,7.75,7.5,7.83,0.11
159,84.5,8.0,7.92,7.67,7.92,7.75,7.67,7.58,0.1
160,84.5,7.83,7.92,7.75,7.67,7.75,7.83,7.75,0.11
161,84.5,7.92,7.75,7.92,7.67,7.83,7.75,7.67,0.1
162,84.5,7.92,7.92,7.83,7.83,7.83,7.58,7.58,0.11
163,84.5,7.75,8.08,7.67,7.83,7.83,7.67,7.67,0.12
164,84.5,7.92,7.67,8.0,7.75,7.83,7.75,7.58,0.0
165,84.5,7.5,8.17,7.83,7.67,7.83,7.67,7.83,0.11
166,84.5,7.67,7.92,7.83,7.67,8.0,7.67,7.75,0.11
167,84.5,7.92,8.0,7.92,7.42,8.08,7.5,7.67,0.12
168,84.5,7.67,7.92,7.83,7.75,7.75,7.75,7.83,0.11
169,84.5,7.83,7.67,8.0,7.67,8.0,7.5,7.83,0.11
170,84.5,8.13,7.81,7.81,7.88,7.75,7.38,8.25,0.0
171,84.5,7.75,8.17,7.67,7.75,7.75,7.67,7.75,0.0
172,84.42,7.92,7.58,7.83,7.83,8.0,7.67,7.58,0.1
173,84.42,8.0,7.67,7.67,7.83,7.58,7.83,7.83,0.0
174,84.42,7.67,7.92,7.83,7.75,7.67,7.92,7.67,0.0
175,84.42,7.75,7.92,7.75,7.67,7.92,7.67,7.75,0.0
176,84.42,7.75,7.83,7.83,7.75,8.0,7.5,7.75,0.11
177,84.42,7.83,7.92,7.92,7.5,7.83,7.5,7.92,0.11
178,84.42,7.83,7.75,7.92,7.75,7.67,7.83,7.67,0.12
179,84.42,7.75,7.5,7.75,7.83,7.92,7.92,7.75,0.2
180,84.33,8.17,7.33,7.58,7.83,7.75,7.75,7.92,0.11
181,84.33,7.58,7.92,8.0,7.75,7.67,7.67,7.75,0.1
182,84.33,7.5,7.58,7.75,7.5,7.83,7.67,8.5,0.0
183,84.33,7.83,7.58,7.92,7.58,7.75,7.92,7.75,0.11
184,84.33,7.83,7.67,7.67,7.75,7.83,7.75,7.83,0.0
185,84.33,7.33,7.75,7.67,8.0,7.67,8.08,7.83,0.11
186,84.33,8.17,7.75,7.58,7.33,7.83,7.58,8.08,0.0
187,84.33,7.83,8.0,7.75,7.75,7.83,7.5,7.67,0.12
188,84.33,7.75,8.17,8.0,7.5,7.75,7.5,7.67,0.0
189,84.33,7.92,8.0,8.0,7.5,7.5,7.67,7.75,0.02
190,84.33,7.75,7.75,7.75,7.92,7.75,7.5,7.92,0.0
191,84.33,7.92,7.5,7.67,7.75,7.67,7.92,7.92,0.04
192,84.25,7.67,7.92,7.75,7.75,7.67,7.67,7.83,0.12
193,84.25,8.0,7.83,7.75,7.75,7.42,7.83,7.67,0.12
194,84.25,7.83,7.83,7.58,7.75,7.58,7.67,8.0,0.11
195,84.25,7.75,7.75,7.75,7.58,7.92,7.75,7.75,0.11
196,84.25,7.75,7.75,7.92,7.5,8.08,7.58,7.67,0.1
197,84.25,7.75,7.83,7.83,7.58,7.75,7.75,7.75,0.1
198,84.25,7.83,7.67,7.67,7.75,7.75,7.67,7.92,0.11
199,84.25,7.75,7.83,7.67,7.75,7.58,7.92,7.75,0.12
200,84.25,7.83,7.83,7.75,7.83,7.58,7.67,7.75,0.12
201,84.25,7.83,7.42,7.67,7.83,7.75,7.92,7.83,0.12
202,84.25,7.83,7.83,7.67,7.75,7.83,7.67,7.67,0.12
203,84.25,7.75,7.83,7.75,7.75,7.75,7.67,7.75,0.12
204,84.25,7.83,7.83,7.83,7.5,7.92,7.58,7.75,0.1
205,84.25,7.83,7.58,7.5,7.75,7.83,7.92,7.83,0.11
206,84.25,7.83,7.33,7.92,7.92,7.92,7.92,8.08,0.11
207,84.25,7.75,7.83,7.92,7.67,7.83,7.5,7.75,0.12
208,84.25,7.75,7.83,7.83,7.75,7.67,7.83,7.58,0.12
209,84.25,7.83,7.83,7.92,7.67,7.75,7.5,7.75,0.1
210,84.25,7.67,8.17,7.75,7.58,7.67,7.83,7.58,0.13
211,84.17,7.75,7.75,7.83,7.58,7.83,7.67,7.75,0.13
212,84.17,7.75,7.83,7.75,7.58,7.67,7.75,7.83,0.0
213,84.17,8.0,7.92,7.75,7.67,7.67,7.5,7.67,0.09
214,84.17,7.58,7.75,7.75,7.58,8.0,7.67,7.83,0.11
215,84.17,7.67,7.75,7.92,7.58,7.92,7.67,7.67,0.1
216,84.17,7.83,7.58,7.83,7.58,7.83,7.83,7.67,0.1
217,84.17,7.67,8.0,7.5,7.5,7.67,8.0,7.83,0.0
218,84.17,7.83,7.67,7.83,7.83,7.5,7.67,7.83,0.12
219,84.17,7.75,7.67,7.75,7.75,7.67,7.83,7.75,0.0
220,84.17,7.83,7.67,7.75,7.67,7.75,7.5,8.0,0.0
221,84.17,7.75,7.5,7.92,7.58,7.83,7.75,7.83,0.1
222,84.17,7.67,7.92,7.75,7.75,7.75,7.75,7.58,0.13
223,84.17,7.5,7.67,7.5,7.67,7.42,7.83,8.58,0.12
224,84.17,7.83,7.67,7.75,7.67,7.75,7.75,7.75,0.11
225,84.17,7.75,7.58,7.75,7.75,7.75,7.75,7.83,0.08
226,84.17,7.67,7.58,7.83,7.75,7.67,7.67,8.0,0.11
227,84.17,7.42,7.92,7.75,7.67,7.67,7.83,7.92,0.11
228,84.17,7.92,8.42,8.08,7.5,7.17,7.58,8.17,0.11
229,84.17,7.58,7.75,7.75,7.75,7.75,7.83,7.75,0.0
230,84.17,7.67,7.83,7.5,7.5,8.0,7.83,7.83,0.11
231,84.17,7.67,7.83,7.75,7.5,7.83,7.83,7.75,0.11
232,84.13,7.75,7.81,7.88,7.56,7.75,7.63,7.75,0.12
233,84.08,7.5,7.83,7.5,7.42,7.5,7.83,8.5,0.0
234,84.08,7.92,7.58,7.67,7.67,7.67,7.75,7.83,0.1
235,84.08,7.67,8.0,7.75,7.5,7.58,7.92,7.67,0.1
236,84.08,7.67,7.92,7.75,7.67,7.75,7.67,7.67,0.0
237,84.08,7.67,7.58,7.75,7.67,8.0,7.75,7.67,0.1
238,84.08,8.0,7.83,7.75,7.83,7.83,7.42,8.08,0.11
239,84.08,7.83,7.67,7.75,7.67,7.75,7.67,7.75,0.11
240,84.08,7.92,7.92,7.92,7.83,8.0,7.92,7.92,0.09
241,84.0,7.67,7.58,7.75,7.67,7.75,7.83,7.75,0.08
242,84.0,7.92,7.83,7.75,7.67,7.75,7.33,7.75,0.11
243,84.0,7.75,7.42,7.83,7.75,7.92,7.75,7.58,0.1
244,84.0,7.58,7.67,7.83,7.58,7.92,7.75,7.67,0.12
245,84.0,7.83,7.67,7.67,7.83,7.58,7.58,7.83,0.11
246,84.0,7.5,7.92,7.67,7.42,7.92,7.75,7.83,0.1
247,84.0,7.83,7.75,7.83,7.5,7.83,7.58,7.67,0.1
248,84.0,7.83,7.67,7.75,7.67,7.67,7.67,7.75,0.12
249,84.0,7.67,7.58,7.42,7.75,7.92,7.75,7.92,0.12
250,84.0,8.33,7.67,7.67,7.5,7.5,7.67,7.67,0.12
251,84.0,7.83,7.75,7.75,7.5,7.58,7.67,7.92,0.09
252,84.0,7.92,7.58,7.83,7.67,7.25,8.0,7.75,0.1
253,84.0,7.67,7.67,7.83,7.67,7.75,7.67,7.75,0.11
254,84.0,7.67,7.67,7.83,7.5,7.75,7.92,7.67,0.0
255,84.0,8.42,7.92,8.17,8.17,8.42,8.08,8.17,0.12
256,84.0,7.67,7.67,7.75,7.67,7.75,7.83,7.67,0.0
257,84.0,7.58,7.92,7.75,7.58,7.67,7.67,7.83,0.1
258,84.0,8.0,7.58,7.75,7.58,7.75,7.58,7.75,0.06
259,83.92,8.5,7.5,7.75,7.58,7.5,7.58,7.5,0.0
260,83.92,7.83,7.83,7.83,7.58,7.92,7.42,7.5,0.11
261,83.92,7.83,7.67,7.75,7.5,7.67,7.67,7.83,0.1
262,83.92,7.83,7.58,7.67,7.67,7.75,7.58,7.83,0.11
263,83.92,7.83,7.83,7.75,7.83,7.75,7.83,7.75,0.11
264,83.92,7.67,7.75,7.67,7.5,7.75,7.83,7.75,0.11
265,83.92,7.58,7.75,7.58,7.5,7.83,7.75,7.92,0.0
266,83.92,7.67,7.75,7.75,7.58,7.75,7.75,7.67,0.0
267,83.92,7.75,7.92,7.67,7.5,7.83,7.58,7.67,0.0
268,83.92,7.67,7.83,7.75,7.58,7.58,7.75,7.75,0.0
269,83.92,7.58,7.75,7.58,7.67,7.83,7.83,7.67,0.0
270,83.92,7.17,8.0,7.92,7.92,7.92,7.67,7.33,0.06
271,83.92,7.5,7.67,7.83,7.67,7.75,7.67,7.83,0.12
272,83.92,7.67,7.67,7.75,7.58,7.67,7.75,7.83,0.12
273,83.92,7.83,7.5,7.67,7.58,7.83,7.75,7.75,0.11
274,83.92,7.75,7.75,7.92,7.83,7.92,7.75,7.67,0.0
275,83.83,7.75,7.92,7.58,7.5,7.83,7.58,7.67,0.0
276,83.83,7.58,7.83,7.67,7.5,7.75,7.75,7.75,0.0
277,83.83,7.83,7.67,7.67,7.75,7.67,7.5,7.75,0.0
278,83.83,7.67,7.75,7.75,7.5,7.75,7.83,7.58,0.11
279,83.83,7.75,7.75,7.67,7.5,7.75,7.75,7.67,0.0
280,83.83,8.0,7.25,7.58,7.42,8.0,7.75,7.83,0.0
281,83.83,7.83,7.67,7.75,7.67,7.75,7.42,7.75,0.0
282,83.83,7.75,7.75,7.75,7.67,7.67,7.58,7.67,0.12
283,83.83,8.08,7.67,7.67,7.58,7.5,7.83,8.17,0.0
284,83.83,7.67,7.83,7.42,7.5,7.83,7.75,7.83,0.1
285,83.83,7.75,7.58,7.83,7.33,8.0,7.58,7.75,0.1
286,83.83,7.75,7.92,7.5,7.33,7.67,8.17,7.5,0.1
287,83.83,7.67,7.5,7.67,7.58,7.75,7.83,7.83,0.09
288,83.83,7.92,7.67,7.58,7.58,7.83,7.58,7.67,0.11
289,83.83,7.67,7.5,7.83,7.5,7.83,7.83,7.67,0.11
290,83.83,7.92,7.67,8.0,7.67,7.42,7.67,7.5,0.1
291,83.83,7.83,7.67,7.58,7.5,7.75,7.75,7.75,0.11
292,83.83,7.83,7.83,7.83,7.58,7.67,7.5,7.58,0.12
293,83.83,7.5,7.75,7.75,7.58,8.0,7.67,7.58,0.02
294,83.83,7.75,7.5,7.83,7.58,7.58,7.75,7.83,0.01
295,83.83,7.5,7.58,7.83,7.58,8.0,7.83,7.5,0.1
296,83.75,7.83,7.75,7.58,7.5,7.58,7.75,7.75,0.11
297,83.75,7.75,7.67,7.67,7.58,7.75,7.67,7.67,0.11
298,83.75,7.75,7.83,7.83,7.58,7.58,7.58,7.58,0.11
299,83.75,7.75,7.67,7.67,7.58,7.58,7.67,7.83,0.0
300,83.75,7.67,7.92,7.75,7.5,7.67,7.75,7.5,0.0
301,83.75,7.75,7.83,7.75,7.67,7.5,7.58,7.67,0.1
302,83.75,7.75,7.75,7.67,7.5,7.67,7.58,7.83,0.0
303,83.75,7.67,8.0,7.92,7.58,7.75,7.33,7.5,0.12
304,83.75,7.75,7.83,7.83,7.83,7.67,8.0,8.17,0.12
305,83.75,7.67,7.67,7.67,7.67,7.92,7.5,7.67,0.0
306,83.75,7.5,7.67,7.42,7.42,7.42,8.0,8.33,0.0
307,83.75,7.75,7.58,7.67,7.75,7.67,7.67,7.67,0.0
308,83.75,7.58,7.75,7.67,7.75,7.58,7.42,8.0,0.11
309,83.75,7.75,7.25,7.42,7.67,7.58,7.83,8.25,0.0
310,83.75,7.83,7.83,7.58,7.58,7.5,7.75,7.67,0.13
311,83.75,7.75,7.67,7.58,7.58,7.67,7.75,7.75,0.11
312,83.75,8.08,7.83,7.83,7.58,7.33,7.42,7.67,0.1
313,83.75,7.75,7.75,7.67,7.25,7.25,7.58,8.5,0.06
314,83.75,7.75,7.83,7.67,7.75,7.67,7.58,7.5,0.0
315,83.67,7.83,7.67,7.83,7.5,7.67,7.67,7.5,0.11
316,83.67,7.75,8.08,7.67,7.67,7.58,7.25,7.67,0.11
317,83.67,7.33,7.5,7.5,7.67,7.67,8.0,8.0,0.1
318,83.67,7.5,7.67,7.75,7.67,7.67,7.83,7.58,0.1
319,83.67,7.83,7.58,7.75,7.58,7.75,7.58,7.58,0.11
320,83.67,7.75,7.5,7.67,7.33,7.92,7.83,7.67,0.1
321,83.67,8.33,7.33,7.67,7.67,7.5,7.67,7.5,0.11
322,83.67,7.75,7.5,7.75,7.58,7.83,7.67,7.58,0.12
323,83.67,7.83,7.5,7.75,7.5,7.75,7.67,7.67,0.11
324,83.67,7.5,8.0,7.5,7.33,8.0,8.0,8.0,0.1
325,83.67,7.58,7.83,7.75,7.67,7.58,7.58,7.67,0.0
326,83.67,7.92,7.67,7.67,7.67,7.67,7.33,7.75,0.0
327,83.67,7.5,7.67,7.67,7.42,7.67,8.0,7.75,0.12
328,83.67,7.67,7.83,7.67,7.33,7.67,7.67,7.83,0.11
329,83.67,7.83,7.75,7.75,7.58,7.83,7.17,7.75,0.11
330,83.67,8.0,8.17,8.17,7.83,7.67,8.08,7.75,0.11
331,83.67,7.5,7.67,8.17,7.5,7.42,7.58,7.83,0.11
332,83.67,7.58,7.67,7.5,7.5,7.33,7.83,8.25,0.12
333,83.67,7.58,8.17,7.67,7.58,7.58,7.42,7.67,0.12
334,83.67,7.83,7.67,7.5,7.33,8.0,7.67,7.67,0.1
335,83.67,8.17,7.75,8.0,7.92,8.08,7.75,8.0,0.0
336,83.58,7.92,7.58,7.67,7.58,7.58,7.67,7.58,0.11
337,83.58,7.58,7.75,7.75,7.5,7.83,7.58,7.58,0.11
338,83.58,7.67,7.75,7.75,7.58,7.58,7.67,7.58,0.11
339,83.58,7.75,7.67,7.58,7.58,7.58,7.67,7.75,0.1
340,83.58,7.58,7.67,7.75,7.58,7.67,7.75,7.58,0.12
341,83.58,7.75,7.75,7.75,7.58,7.58,7.5,7.67,0.12
342,83.58,7.75,7.75,7.67,7.58,7.67,7.5,7.67,0.0
343,83.58,7.67,7.67,7.67,7.42,7.75,7.75,7.67,0.12
344,83.58,7.67,7.67,7.58,7.67,7.67,7.67,7.67,0.0
345,83.58,7.67,7.67,7.58,7.67,7.58,7.67,7.75,0.12
346,83.58,7.58,7.75,7.58,7.5,7.58,7.75,7.83,0.0
347,83.58,7.5,7.75,7.75,7.75,7.75,7.5,7.58,0.11
348,83.58,7.67,7.67,7.67,7.58,7.67,7.75,7.58,0.11
349,83.58,7.67,7.83,7.67,7.58,7.58,7.67,7.58,0.12
350,83.58,7.75,7.67,7.58,7.58,7.58,7.67,7.75,0.11
351,83.58,7.67,7.83,7.75,7.5,7.75,7.5,7.58,0.12
352,83.5,7.58,7.75,7.58,7.58,7.75,7.75,7.5,0.0
353,83.5,10.0,7.58,7.58,7.17,7.17,7.0,7.0,0.11
354,83.5,7.83,7.92,7.42,7.5,7.67,7.5,7.67,0.0
355,83.5,7.58,7.75,7.58,7.58,7.5,7.75,7.75,0.0
356,83.5,7.58,7.67,7.75,7.5,7.83,7.58,7.58,0.1
357,83.5,7.75,7.58,7.58,7.58,7.58,7.75,7.67,0.12
358,83.5,7.58,7.75,7.67,7.58,7.67,7.67,7.58,0.13
359,83.5,7.67,7.25,7.67,7.58,7.92,7.83,7.58,0.13
360,83.5,7.58,7.67,7.75,7.5,7.58,7.75,7.67,0.1
361,83.5,7.67,7.67,7.42,7.67,7.83,7.58,7.67,0.0
362,83.5,7.58,8.0,7.58,7.25,7.58,7.92,7.58,0.11
363,83.5,7.75,7.58,7.75,7.5,7.83,7.42,7.67,0.1
364,83.5,7.67,7.75,7.58,7.33,7.5,7.83,7.83,0.0
365,83.5,7.83,7.67,7.5,7.67,7.5,7.67,7.67,0.1
366,83.5,7.67,7.58,7.75,7.42,7.67,7.75,7.67,0.0
367,83.5,7.58,7.58,7.67,7.58,7.75,7.58,7.75,0.11
368,83.5,8.42,7.83,7.58,7.25,7.5,7.5,7.42,0.13
369,83.5,7.58,7.67,7.75,7.67,7.75,7.58,7.5,0.11
370,83.5,7.83,7.75,7.67,7.67,7.75,7.33,7.5,0.12
371,83.5,7.5,7.83,7.5,7.5,8.0,7.67,7.5,0.1
372,83.5,7.67,7.67,7.58,7.58,7.67,7.67,7.67,0.11
373,83.5,7.58,7.5,7.5,7.75,7.5,8.0,7.67,0.0
374,83.5,7.58,7.5,7.67,7.58,7.92,7.58,7.67,0.01
375,83.5,7.58,7.83,7.58,7.58,7.58,7.75,7.58,0.0
376,83.42,7.67,7.5,7.58,7.58,7.5,7.75,7.83,0.0
377,83.42,7.67,7.67,7.75,7.5,7.58,7.58,7.67,0.1
378,83.42,7.67,7.67,7.67,7.5,7.67,7.67,7.58,0.11
379,83.42,7.83,7.58,7.5,7.42,7.92,7.5,7.67,0.09
380,83.42,10.0,7.67,7.67,7.0,7.08,7.0,7.0,0.11
381,83.42,7.75,7.58,7.75,7.33,7.75,7.67,7.58,0.11
382,83.42,7.67,7.5,7.58,7.75,7.5,7.75,7.67,0.13
383,83.42,7.58,7.58,7.5,7.75,7.58,7.75,7.67,0.11
384,83.42,7.67,7.58,7.67,7.58,7.67,7.58,7.67,0.12
385,83.42,7.75,7.33,7.83,7.75,7.5,7.42,7.83,0.12
386,83.42,7.58,7.75,7.67,7.58,7.67,7.58,7.58,0.13
387,83.42,7.58,7.58,7.58,7.25,7.75,7.75,8.58,0.12
388,83.42,7.5,7.75,7.83,7.33,7.83,7.5,7.67,0.1
389,83.42,7.58,7.67,7.75,7.5,7.83,7.58,7.5,0.1
390,83.42,7.58,7.67,7.5,7.75,7.42,7.75,7.75,0.11
391,83.42,7.67,7.42,7.75,7.67,7.58,7.67,7.67,0.0
392,83.42,7.67,7.5,7.75,7.58,7.5,7.67,7.75,0.11
393,83.42,7.58,7.58,7.58,7.58,7.67,7.75,7.67,0.1
394,83.42,7.5,7.5,7.92,7.42,7.67,7.83,7.58,0.01
395,83.42,7.83,7.58,7.25,7.5,7.92,7.92,7.42,0.11
396,83.38,8.0,7.25,7.88,7.38,7.63,7.5,8.75,0.09
397,83.33,7.58,7.75,7.5,7.75,7.58,7.58,7.58,0.0
398,83.33,7.67,7.67,7.58,7.58,7.42,7.67,7.75,0.0
399,83.33,7.67,7.83,7.58,7.58,7.58,7.5,7.58,0.0
400,83.33,7.58,7.5,7.83,7.33,7.58,7.58,7.92,0.1
401,83.33,7.58,7.75,7.75,7.5,7.67,7.5,7.58,0.12
402,83.33,7.42,7.67,7.75,7.42,7.83,7.83,7.42,0.11
403,83.33,7.58,7.75,7.58,7.67,7.58,7.58,7.58,0.12
404,83.33,7.67,7.67,7.67,7.58,7.67,7.5,7.58,0.12
405,83.33,7.58,7.67,7.67,7.42,7.67,7.67,7.67,0.12
406,83.33,7.83,7.83,7.58,7.83,7.67,7.92,8.0,0.11
407,83.33,8.0,7.5,7.67,7.67,7.5,7.83,7.17,0.11
408,83.33,7.5,7.83,7.75,7.58,7.83,7.92,7.58,0.12
409,83.33,7.83,7.58,7.5,7.67,7.5,7.83,7.42,0.11
410,83.33,7.5,7.67,7.67,7.5,7.67,7.92,7.42,0.11
411,83.33,7.67,7.83,7.67,7.17,7.67,7.67,7.67,0.11
412,83.33,7.83,7.92,7.5,7.58,7.83,7.67,7.67,0.1
413,83.33,7.83,7.75,7.67,7.33,7.5,7.5,7.75,0.0
414,83.33,7.67,7.5,7.67,7.67,7.58,7.67,7.58,0.0
415,83.33,7.92,8.08,7.83,7.83,7.75,7.67,7.58,0.01
416,83.33,7.5,7.58,7.67,7.58,7.5,7.83,7.67,0.0
417,83.25,7.67,7.67,7.83,7.42,7.83,7.33,7.5,0.11
418,83.25,7.58,7.5,7.5,7.83,7.5,7.67,7.67,0.11
419,83.25,7.67,7.83,7.5,7.42,7.67,7.5,7.67,0.11
420,83.25,7.67,7.5,7.58,7.42,7.83,7.67,7.58,0.11
421,83.25,7.67,7.5,7.67,7.67,7.42,7.67,7.67,0.12
422,83.25,8.0,7.58,7.67,7.42,7.5,7.67,7.42,0.12
423,83.25,7.58,7.58,7.67,7.67,7.17,7.75,7.83,0.0
424,83.25,7.42,7.83,7.75,7.5,7.58,7.58,7.58,0.12
425,83.25,7.58,7.67,7.5,7.5,7.5,7.67,7.83,0.1
426,83.25,7.33,7.92,7.83,7.75,7.58,7.5,7.33,0.1
427,83.25,7.67,7.58,7.58,7.5,7.58,7.58,7.75,0.0
428,83.25,7.67,7.5,7.67,7.58,7.67,7.67,7.5,0.1
429,83.25,7.58,7.83,7.5,7.67,7.33,7.67,7.67,0.11
430,83.25,7.75,7.58,7.75,7.5,7.5,7.58,7.58,0.12
431,83.25,7.67,7.58,7.75,7.83,8.0,8.08,7.67,0.11
432,83.25,7.67,7.75,7.58,7.58,7.58,7.5,7.58,0.13
433,83.25,7.58,7.75,7.75,7.42,7.92,7.33,7.5,0.12
434,83.25,7.42,7.83,7.58,7.08,7.83,7.42,8.08,0.11
435,83.25,7.58,7.75,7.67,7.5,7.58,7.58,7.58,0.11
436,83.25,7.58,7.67,7.58,7.58,7.42,7.83,7.58,0.12
437,83.25,7.67,7.67,7.67,7.5,7.5,7.58,7.67,0.11
438,83.25,7.5,7.92,7.75,7.25,7.42,7.83,7.58,0.08
439,83.25,7.5,8.0,7.67,7.67,7.25,7.67,7.5,0.13
440,83.25,7.58,7.92,7.75,7.5,7.42,7.42,7.67,0.04
441,83.17,7.75,7.67,7.42,7.5,7.58,7.67,7.58,0.11
442,83.17,7.67,7.58,7.58,7.33,7.67,7.75,7.58,0.1
443,83.17,7.58,7.67,7.58,7.42,7.67,7.67,7.58,0.12
444,83.17,7.5,7.92,7.5,7.5,7.58,7.67,7.5,0.11
445,83.17,7.58,7.58,7.42,7.08,7.33,7.58,8.58,0.07
446,83.17,7.5,7.67,7.75,7.42,7.75,7.58,7.5,0.11
447,83.17,7.5,7.67,7.67,7.5,7.67,7.5,7.67,0.11
448,83.17,7.67,7.5,7.67,7.33,7.67,7.67,7.67,0.11
449,83.17,7.67,7.67,7.67,7.5,7.67,7.42,7.58,0.1
450,83.17,7.5,7.5,7.5,7.33,7.67,8.0,7.67,0.0
451,83.17,7.5,7.5,7.75,7.5,7.83,7.58,7.5,0.11
452,83.17,7.42,7.92,7.67,7.42,7.75,7.5,7.5,0.12
453,83.17,7.83,7.83,7.75,7.67,7.75,7.83,8.5,0.1
454,83.17,7.5,7.67,7.58,7.58,7.75,7.42,7.67,0.12
455,83.17,7.67,7.58,7.67,7.67,7.58,7.42,7.58,0.13
456,83.17,7.75,7.58,7.5,7.5,7.67,7.5,7.67,0.0
457,83.17,7.67,8.0,7.67,7.5,7.42,7.33,7.58,0.1
458,83.17,7.58,7.58,7.75,7.5,7.58,7.58,7.58,0.11
459,83.17,7.67,7.5,7.5,7.5,7.67,7.67,7.67,0.1
460,83.17,7.5,7.67,7.67,7.5,7.67,7.5,7.67,0.11
461,83.17,7.67,7.33,7.83,7.17,8.17,7.33,7.67,0.09
462,83.17,7.58,7.5,7.5,7.58,7.42,7.92,7.67,0.11
463,83.17,7.58,7.58,7.5,7.58,7.75,7.58,7.58,0.12
464,83.17,7.5,7.67,7.83,7.33,7.67,7.5,7.67,0.11
465,83.17,7.75,7.75,7.58,7.58,7.58,7.5,7.42,0.11
466,83.17,7.67,7.75,7.67,7.58,7.5,7.42,7.58,0.12
467,83.17,7.67,7.58,7.75,7.42,7.67,7.5,7.58,0.14
468,83.17,7.25,7.67,7.5,7.5,7.5,7.58,8.17,0.11
469,83.17,7.58,7.75,7.5,7.42,7.75,7.58,7.58,0.13
470,83.17,7.5,7.58,7.67,7.5,7.58,7.67,7.67,0.11
471,83.17,7.58,7.5,7.75,7.58,7.58,7.67,7.5,0.11
472,83.17,7.5,7.75,7.67,7.58,7.5,7.58,7.58,0.12
473,83.17,7.67,7.92,7.58,7.5,7.58,7.42,7.5,0.11
474,83.17,7.5,7.75,7.5,7.67,7.5,7.92,8.0,0.0
475,83.17,7.58,7.75,7.5,7.58,7.5,7.75,7.5,0.12
476,83.17,7.42,7.58,7.75,7.67,7.5,7.67,7.58,0.02
477,83.17,7.58,7.42,7.83,8.17,8.08,7.17,7.58,0.14
478,83.17,7.92,7.75,8.0,7.67,8.08,7.83,7.92,0.01
479,83.08,7.5,7.58,7.67,7.33,7.67,7.75,7.58,0.0
480,83.08,7.17,7.75,7.5,7.5,7.42,8.0,7.75,0.0
481,83.08,7.58,7.58,7.58,7.58,7.5,7.67,7.58,0.11
482,83.08,7.92,7.33,7.67,7.67,7.33,7.75,7.42,0.0
483,83.08,7.75,7.83,7.92,7.5,7.83,7.67,7.25,0.0
484,83.08,7.5,7.42,7.67,7.58,7.5,7.75,7.67,0.11
485,83.08,7.67,7.58,7.83,7.67,7.42,7.42,7.5,0.0
486,83.08,7.5,7.83,7.33,7.5,7.67,7.58,7.67,0.1
487,83.08,7.58,7.33,7.75,7.58,7.33,7.83,7.67,0.12
488,83.08,7.58,7.75,7.75,7.5,7.5,7.5,7.5,0.11
489,83.08,7.5,7.83,7.83,7.33,7.17,7.75,7.67,0.1
490,83.08,7.5,7.75,7.67,7.42,7.75,7.5,7.5,0.1
491,83.08,8.08,7.67,7.58,7.5,7.67,7.92,8.0,0.0
492,83.08,7.42,7.33,7.58,7.58,7.92,7.67,7.58,0.12
493,83.08,8.17,7.33,7.33,7.33,7.58,7.25,8.08,0.01
494,83.08,7.58,7.83,7.75,7.33,7.25,7.42,7.92,0.08
495,83.08,7.5,7.67,7.58,7.5,7.58,7.67,7.58,0.0
496,83.08,7.75,7.92,7.67,7.67,7.25,7.83,7.67,0.02
497,83.0,7.5,7.58,7.5,7.5,7.75,7.67,7.5,0.0
498,83.0,7.58,7.5,7.58,7.58,7.67,7.58,7.5,0.11
499,83.0,7.58,7.5,7.67,7.58,7.67,7.58,7.42,0.11
500,83.0,7.58,7.67,7.58,7.42,7.42,7.83,7.5,0.12
501,83.0,7.67,7.67,7.67,7.5,7.58,7.42,7.5,0.12
502,83.0,7.58,7.67,7.67,7.33,7.67,7.5,7.58,0.11
503,83.0,8.0,7.75,7.67,7.58,7.58,7.42,7.67,0.0
504,83.0,7.42,7.67,7.75,7.33,7.92,7.42,7.5,0.11
505,83.0,7.58,7.75,7.67,7.33,7.75,7.5,7.42,0.11
506,83.0,7.33,7.83,7.67,7.25,7.67,7.75,7.5,0.11
507,83.0,7.58,7.67,7.67,7.67,7.5,7.42,7.5,0.0
508,83.0,7.17,7.92,7.92,7.83,7.58,7.33,7.25,0.08
509,83.0,7.5,7.83,7.58,7.5,7.5,7.58,7.5,0.12
510,83.0,7.42,7.67,7.5,7.67,7.83,7.75,7.83,0.0
511,83.0,7.42,7.67,7.67,7.42,7.83,7.5,7.5,0.1
512,83.0,7.67,7.67,7.58,7.5,7.58,7.5,7.5,0.11
513,83.0,7.5,7.75,7.58,7.42,7.67,7.42,7.67,0.12
514,83.0,8.25,7.75,7.42,7.33,7.5,7.58,7.17,0.11
515,83.0,7.58,7.83,7.5,7.58,7.33,7.5,7.67,0.0
516,83.0,7.5,7.33,7.67,7.75,7.42,7.75,7.58,0.11
517,83.0,7.58,7.58,7.75,7.42,7.67,7.58,7.42,0.0
518,83.0,7.67,7.5,7.5,7.42,7.58,7.75,7.58,0.11
519,83.0,7.58,7.67,7.58,7.42,7.5,7.67,7.58,0.11
520,83.0,7.83,7.67,7.83,7.5,7.58,7.58,7.67,0.11
521,83.0,7.67,7.5,7.67,7.5,7.5,7.58,7.58,0.11
522,83.0,7.5,7.67,7.58,7.5,7.5,7.75,7.5,0.0
523,83.0,7.58,7.75,7.58,7.5,7.67,7.83,7.75,0.0
524,83.0,7.5,7.67,7.58,7.58,7.58,7.67,7.42,0.11
525,83.0,7.33,7.5,7.67,7.5,7.67,7.5,7.83,0.1
526,83.0,7.5,7.67,7.67,7.58,7.5,7.67,7.42,0.12
527,83.0,7.5,7.33,7.67,7.58,7.5,7.75,7.67,0.28
528,83.0,7.58,7.33,7.67,7.58,7.33,7.58,7.92,0.08
529,83.0,8.08,7.83,7.83,7.67,7.83,7.92,7.83,0.0
530,83.0,7.67,7.5,7.58,7.42,7.58,7.58,7.67,0.0
531,83.0,7.42,7.5,7.58,7.67,7.67,7.58,7.58,0.06
532,83.0,7.92,7.58,7.83,7.75,7.92,7.92,8.08,0.07
533,83.0,7.42,7.5,7.25,7.42,7.75,8.17,7.5,0.0
534,82.92,7.5,7.67,7.58,7.5,7.58,7.58,7.5,0.0
535,82.92,7.5,7.5,7.5,7.75,7.58,7.92,7.83,0.0
536,82.92,7.58,7.58,7.67,7.5,7.33,7.67,7.58,0.11
537,82.92,7.75,7.17,7.83,7.25,7.67,7.67,7.58,0.09
538,82.92,7.58,7.58,7.58,7.5,7.5,7.58,7.58,0.0
539,82.92,7.58,7.5,7.58,7.67,7.33,7.5,7.75,0.0
540,82.92,7.5,7.58,7.58,7.67,7.58,7.5,7.5,0.11
541,82.92,7.42,8.08,7.5,7.67,7.42,7.33,7.5,0.0
542,82.92,7.58,7.83,7.67,7.25,7.58,7.5,7.5,0.13
543,82.92,7.42,7.75,7.67,7.42,7.42,7.75,7.5,0.12
544,82.92,7.58,7.08,7.5,7.5,7.83,7.75,7.67,0.11
545,82.92,7.58,8.0,7.5,7.5,7.58,7.33,7.42,0.12
546,82.92,7.5,7.75,7.58,7.58,7.5,7.5,7.5,0.12
547,82.92,7.5,7.75,7.5,7.42,7.58,7.67,7.5,0.1
548,82.92,7.67,7.67,7.83,7.42,7.5,7.33,7.5,0.1
549,82.92,7.75,7.58,7.58,7.25,7.58,7.58,7.58,0.1
550,82.92,7.58,7.58,7.5,7.75,7.33,7.58,7.58,0.11
551,82.92,7.67,7.75,7.5,7.25,7.5,7.75,7.5,0.0
552,82.92,7.5,7.83,7.75,7.25,7.92,7.5,7.17,0.11
553,82.92,7.5,7.83,7.67,7.42,7.42,7.5,7.58,0.11
554,82.92,7.83,7.58,7.58,7.33,7.25,7.58,7.75,0.1
555,82.92,7.67,7.67,7.33,7.17,7.58,8.08,7.42,0.0
556,82.92,7.75,8.0,7.92,7.67,7.17,7.67,7.42,0.14
557,82.92,7.5,7.5,7.5,7.5,7.42,7.67,7.83,0.1
558,82.92,7.67,7.5,7.75,7.33,7.75,7.08,7.83,0.15
559,82.92,7.75,7.42,7.58,7.5,7.17,7.5,8.0,0.0
560,82.83,7.5,7.75,7.58,7.42,7.58,7.5,7.5,0.1
561,82.83,7.58,7.5,7.58,7.33,7.67,7.58,7.58,0.11
562,82.83,7.58,7.67,7.58,7.58,7.5,7.5,7.42,0.11
563,82.83,7.33,7.33,7.67,7.67,7.83,7.33,7.67,0.0
564,82.83,8.0,7.83,7.92,7.75,7.83,7.75,7.75,0.11
565,82.83,7.92,7.25,7.58,7.5,7.42,7.75,7.42,0.11
566,82.83,7.5,7.58,7.58,7.33,7.67,7.67,7.5,0.11
567,82.83,7.67,7.58,7.83,7.33,7.67,7.42,7.33,0.12
568,82.83,7.08,7.83,7.67,7.5,7.58,7.5,7.67,0.0
569,82.83,7.58,7.42,7.58,7.25,7.5,7.75,7.75,0.0
570,82.83,7.5,7.67,7.67,7.75,7.67,7.42,7.17,0.1
571,82.83,7.67,7.5,7.42,7.58,7.5,7.58,7.58,0.0
572,82.83,7.58,7.83,7.5,7.5,7.42,7.5,7.5,0.11
573,82.83,7.75,7.67,7.5,7.33,7.25,7.58,7.75,0.11
574,82.83,7.5,7.58,7.67,7.5,7.58,7.5,7.5,0.12
575,82.83,7.58,7.67,7.58,7.42,7.75,7.42,7.42,0.12
576,82.83,7.42,7.67,7.67,7.33,7.5,7.33,7.92,0.11
577,82.83,7.5,7.58,7.58,7.5,7.42,7.67,7.58,0.11
578,82.83,7.25,7.75,7.58,7.75,7.75,7.25,7.5,0.0
579,82.75,7.5,7.5,7.58,7.42,7.67,7.58,7.5,0.1
580,82.75,7.5,7.58,7.67,7.5,7.58,7.5,7.42,0.11
581,82.75,7.5,7.5,7.67,7.17,7.67,7.67,7.58,0.11
582,82.75,7.58,7.5,7.5,7.42,7.58,7.67,7.5,0.1
583,82.75,7.67,7.42,7.58,7.42,7.67,7.5,7.5,0.1
584,82.75,7.58,7.5,7.58,7.42,7.58,7.58,7.5,0.12
585,82.75,7.67,7.58,7.58,7.33,7.58,7.33,7.67,0.12
586,82.75,7.67,7.83,7.67,7.33,7.67,7.58,7.67,0.0
587,82.75,7.67,7.67,7.67,7.17,7.33,7.58,7.67,0.0
588,82.75,7.67,7.58,7.5,7.42,7.67,7.42,7.5,0.09
589,82.75,7.67,7.58,7.5,7.42,7.58,7.5,7.5,0.09
590,82.75,7.5,7.5,7.5,7.58,7.5,7.58,7.58,0.11
591,82.75,7.58,7.67,7.5,7.33,7.33,7.67,7.67,0.1
592,82.75,7.5,7.5,7.67,7.42,7.67,7.5,7.5,0.11
593,82.75,7.5,7.5,7.58,7.58,7.75,7.33,7.5,0.0
594,82.75,7.67,7.75,7.58,7.42,7.5,7.33,7.5,0.12
595,82.75,7.42,7.75,7.42,7.25,7.75,7.5,7.67,0.13
596,82.75,7.67,7.67,7.42,7.42,7.58,7.33,7.67,0.12
597,82.75,7.42,7.67,7.58,7.42,7.83,7.33,7.5,0.1
598,82.75,7.75,7.58,7.83,7.75,7.75,7.42,8.0,0.1
599,82.75,7.5,7.58,7.33,7.17,7.33,7.25,8.58,0.1
600,82.75,7.58,7.58,7.58,7.5,7.5,7.5,7.5,0.12
601,82.75,7.67,7.58,7.58,7.33,7.75,7.25,7.58,0.12
602,82.75,8.08,8.08,8.17,8.0,8.0,7.83,7.92,0.12
603,82.75,7.5,7.5,7.58,7.42,7.67,7.5,7.58,0.0
604,82.75,7.42,7.67,7.58,7.58,7.58,7.5,7.42,0.11
605,82.75,7.75,7.25,7.75,7.5,7.83,7.67,7.67,0.12
606,82.75,7.58,7.42,7.42,7.5,7.58,7.5,7.75,0.0
607,82.75,7.42,7.75,7.67,7.5,7.83,7.17,7.42,0.0
608,82.67,7.5,7.5,7.58,7.25,7.75,7.58,7.5,0.0
609,82.67,7.5,7.5,7.58,7.5,7.67,7.5,7.42,0.11
610,82.67,7.58,7.67,7.67,7.42,7.42,7.42,7.5,0.13
611,82.67,7.5,7.67,7.67,7.67,7.67,7.5,7.67,0.0
612,82.67,7.75,7.5,7.67,7.42,7.75,7.42,7.17,0.11
613,82.67,7.42,7.75,7.5,7.33,7.58,7.33,7.75,0.0
614,82.67,7.5,7.58,7.5,7.42,7.67,7.5,7.5,0.0
615,82.67,7.5,7.33,7.5,7.58,7.58,7.67,7.5,0.12
616,82.67,7.58,7.5,7.5,7.5,7.5,7.5,7.58,0.12
617,82.67,7.58,7.58,7.5,7.5,7.58,7.33,7.58,0.12
618,82.67,7.08,8.0,7.83,7.83,7.42,7.25,7.25,0.08
619,82.67,7.58,7.67,7.58,7.42,7.5,7.42,7.5,0.11
620,82.67,7.5,7.67,7.5,7.33,7.67,7.5,7.5,0.12
621,82.67,7.5,7.67,7.5,7.5,7.5,7.5,7.5,0.11
622,82.67,7.5,7.42,7.5,7.5,7.67,7.58,7.5,0.11
623,82.67,7.42,7.75,7.58,7.67,7.25,7.58,7.42,0.11
624,82.67,7.67,7.92,8.0,7.5,6.75,7.92,7.58,0.0
625,82.67,7.5,7.67,7.67,7.17,7.67,7.5,7.5,0.11
626,82.67,7.58,7.83,7.33,7.83,7.33,7.58,7.83,0.12
627,82.67,7.58,7.58,7.58,7.42,7.58,7.42,7.5,0.11
628,82.67,7.58,7.5,7.58,7.58,7.58,7.42,7.42,0.12
629,82.67,7.58,7.33,7.58,7.42,7.42,7.67,7.67,0.11
630,82.67,7.58,7.83,7.67,7.5,7.67,7.5,7.58,0.03
631,82.67,7.08,7.75,7.58,7.25,7.75,7.67,7.58,0.0
632,82.67,7.42,8.08,7.67,7.67,7.33,7.33,7.17,0.08
633,82.67,7.58,7.5,7.42,7.33,7.33,7.67,7.83,0.21
634,82.58,7.5,7.5,7.42,7.42,7.75,7.5,7.5,0.1
635,82.58,7.5,7.67,7.42,7.5,7.42,7.58,7.5,0.11
636,82.58,7.5,7.5,7.58,7.42,7.5,7.75,7.33,0.11
637,82.58,10.0,7.25,7.25,7.0,7.08,7.0,7.0,0.11
638,82.58,8.0,7.42,7.42,7.5,7.33,7.25,7.67,0.0
639,82.58,7.5,7.83,7.58,7.42,7.33,7.42,7.5,0.13
640,82.58,7.5,7.75,7.33,7.42,7.67,7.42,7.5,0.12
641,82.58,7.5,7.42,7.58,7.58,7.42,7.58,7.5,0.12
642,82.58,7.5,7.75,7.42,7.33,7.5,7.58,7.5,0.12
643,82.58,7.42,7.83,7.5,7.42,7.58,7.42,7.42,0.12
644,82.58,7.58,7.67,7.42,7.5,7.67,7.0,7.75,0.11
645,82.58,7.58,7.58,7.58,7.42,7.75,7.67,7.67,0.0
646,82.58,7.5,7.5,7.58,7.42,7.58,7.42,7.58,0.0
647,82.58,7.5,7.75,7.25,7.33,7.42,7.5,7.83,0.11
648,82.58,7.42,7.75,7.5,7.75,7.25,7.33,7.58,0.11
649,82.58,7.42,7.58,7.5,7.42,7.58,7.67,7.42,0.11
650,82.58,7.58,7.5,7.58,7.5,7.5,7.42,7.5,0.1
651,82.58,7.5,7.67,7.58,7.58,7.75,7.67,6.83,0.12
652,82.58,7.67,7.33,7.42,7.58,7.42,7.67,7.5,0.11
653,82.58,7.42,7.58,7.5,7.33,7.75,7.5,7.5,0.0
654,82.5,7.42,7.5,7.5,7.5,7.5,7.58,7.5,0.11
655,82.5,7.42,7.83,7.75,7.25,7.5,7.42,7.33,0.11
656,82.5,7.5,7.58,7.58,7.33,7.5,7.5,7.5,0.1
657,82.5,7.5,7.5,7.5,7.33,7.5,7.67,7.5,0.1
658,82.5,7.83,7.5,7.83,7.5,7.75,7.33,7.42,0.12
659,82.5,7.5,7.33,7.5,7.5,7.5,7.67,7.5,0.11
660,82.5,7.5,7.67,7.42,7.33,7.58,7.5,7.5,0.12
661,82.5,7.58,7.75,7.0,7.42,7.58,7.58,7.58,0.12
662,82.5,7.58,7.42,7.58,7.5,7.67,7.25,7.5,0.0
663,82.5,7.5,7.42,7.5,7.67,7.33,7.42,7.67,0.11
664,82.5,7.33,7.83,7.42,7.33,7.67,7.42,7.5,0.12
665,82.5,7.5,7.5,7.5,7.42,7.42,7.58,7.58,0.11
666,82.5,7.33,7.83,7.67,7.17,7.33,7.5,7.67,0.11
667,82.5,7.58,7.5,7.58,7.5,7.5,7.42,7.42,0.13
668,82.5,7.5,7.67,7.5,7.33,7.67,7.5,7.33,0.12
669,82.5,7.5,7.92,7.5,7.33,7.58,7.25,7.42,0.11
670,82.5,7.5,7.67,7.33,7.33,7.33,7.5,7.83,0.11
671,82.5,7.42,7.67,7.42,7.33,7.67,7.5,7.5,0.0
672,82.5,7.58,7.67,7.5,7.33,7.5,7.25,7.67,0.11
673,82.5,7.58,7.33,7.42,7.33,7.75,7.42,7.67,0.12
674,82.5,7.33,7.75,7.58,7.67,7.67,7.58,7.58,0.01
675,82.42,7.5,7.42,7.67,7.17,7.58,7.58,7.5,0.12
676,82.42,7.42,7.58,7.5,7.33,7.75,7.33,7.5,0.1
677,82.42,7.5,7.67,7.58,7.25,7.67,7.42,7.33,0.12
678,82.42,7.42,7.58,7.5,7.25,7.67,7.5,7.5,0.12
679,82.42,7.5,7.5,7.42,7.08,7.75,7.67,7.5,0.11
680,82.42,8.08,5.08,7.75,7.83,7.75,7.83,8.08,0.11
681,82.42,7.58,7.67,7.42,7.42,7.5,7.42,7.42,0.1
682,82.42,8.0,7.42,7.5,7.33,7.5,7.25,7.42,0.11
683,82.42,7.58,7.67,7.25,7.42,7.42,7.67,7.42,0.13
684,82.42,7.42,7.17,7.83,7.33,7.5,7.75,7.42,0.0
685,82.42,7.33,7.5,7.5,7.5,7.67,7.42,7.5,0.1
686,82.42,7.58,7.42,7.5,7.42,7.58,7.42,7.5,0.11
687,82.42,7.42,7.58,7.67,7.33,7.5,7.5,7.42,0.12
688,82.42,7.5,7.58,7.58,7.58,7.75,7.5,7.58,0.0
689,82.42,8.17,7.25,7.33,7.25,7.5,7.42,7.5,0.0
690,82.42,7.5,7.5,7.58,7.5,7.92,7.42,7.67,0.12
691,82.42,7.67,7.25,7.67,7.42,7.17,7.75,7.5,0.09
692,82.42,7.42,7.67,7.42,7.33,7.5,7.58,7.5,0.11
693,82.42,7.42,7.5,7.42,7.42,7.67,7.42,7.58,0.12
694,82.42,7.42,7.42,7.58,7.5,7.42,7.58,7.5,0.13
695,82.42,7.5,7.42,7.58,7.33,7.58,7.5,7.5,0.14
696,82.42,7.58,7.75,7.33,7.25,7.58,7.58,7.33,0.13
697,82.42,7.5,7.5,7.58,7.33,7.5,7.5,7.5,0.11
698,82.42,7.58,7.58,7.58,7.17,7.5,7.5,7.5,0.14
699,82.42,7.58,7.58,7.33,7.33,7.58,7.5,7.5,0.11
700,82.42,7.5,7.67,7.58,7.33,7.42,7.58,7.33,0.13
701,82.42,7.5,7.83,7.5,7.42,7.67,7.17,7.33,0.12
702,82.42,7.58,7.67,7.33,7.25,7.42,7.5,7.67,0.0
703,82.42,7.42,7.75,7.5,7.42,7.42,7.5,7.42,0.11
704,82.42,7.75,7.33,7.58,7.17,7.58,7.42,7.58,0.0
705,82.42,7.5,7.58,7.25,7.42,7.25,7.58,7.83,0.02
706,82.33,7.58,7.5,7.58,7.33,7.5,7.42,7.42,0.1
707,82.33,7.67,7.33,7.5,7.5,7.33,7.5,7.5,0.11
708,82.33,7.5,7.42,7.42,7.42,7.5,7.5,7.58,0.11
709,82.33,7.5,7.5,7.5,7.42,7.5,7.42,7.5,0.11
710,82.33,7.5,7.75,7.5,7.25,7.25,7.42,7.67,0.1
711,82.33,7.33,7.75,7.33,7.5,7.5,7.33,7.58,0.0
712,82.33,7.5,7.5,7.58,7.42,7.5,7.42,7.42,0.12
713,82.33,7.75,8.25,7.83,7.25,8.33,8.17,8.08,0.07
714,82.33,7.42,7.42,7.5,7.5,7.42,7.5,7.58,0.11
715,82.33,7.42,7.5,7.42,7.17,7.83,7.5,7.5,0.1
716,82.33,7.58,7.33,7.58,7.42,7.58,7.33,7.5,0.12
717,82.33,8.0,7.75,8.08,7.67,8.08,8.08,8.0,0.11
718,82.33,7.42,7.58,7.67,7.5,7.58,7.75,7.5,0.12
719,82.33,7.5,7.33,7.58,7.42,7.5,7.5,7.5,0.11
720,82.33,7.5,7.42,7.33,7.5,7.17,7.08,8.33,0.1
721,82.33,7.33,7.5,7.5,7.5,7.5,7.5,7.5,0.11
722,82.33,7.33,7.5,7.5,7.5,7.5,7.5,7.5,0.11
723,82.33,7.25,7.5,7.42,7.58,7.5,7.5,7.58,0.12
724,82.33,7.33,7.5,7.42,7.5,7.5,7.5,7.58,0.0
725,82.33,7.42,7.67,7.5,7.42,7.5,7.42,7.42,0.12
726,82.33,7.67,7.92,7.58,7.25,7.75,7.92,7.58,0.0
727,82.33,7.33,7.67,7.5,7.33,7.67,7.5,7.33,0.11
728,82.33,7.58,7.58,7.67,7.58,7.33,7.0,7.58,0.15
729,82.33,7.0,7.67,7.58,7.5,7.58,7.5,7.5,0.13
730,82.33,7.5,7.5,7.67,7.33,7.5,7.33,7.5,0.1
731,82.33,7.42,7.58,7.5,7.42,7.5,7.5,7.42,0.12
732,82.33,7.83,8.0,7.75,7.33,7.33,7.08,7.67,0.11
733,82.33,7.42,7.58,7.58,7.25,7.58,7.42,7.5,0.11
734,82.33,7.33,7.83,7.58,7.33,7.25,7.58,7.42,0.0
735,82.25,7.5,7.58,7.5,7.25,7.42,7.67,7.33,0.09
736,82.25,10.0,7.0,7.08,7.0,7.17,7.0,7.0,0.1
737,82.25,7.33,7.67,7.5,7.25,7.67,7.42,7.42,0.11
738,82.25,7.67,7.42,7.67,7.5,7.08,7.5,7.42,0.0
739,82.25,7.58,7.58,7.67,7.5,7.67,7.83,8.42,0.12
740,82.25,7.33,7.58,7.5,7.42,7.58,7.42,7.42,0.11
741,82.25,7.42,7.58,7.42,7.33,7.42,7.58,7.5,0.13
742,82.25,7.42,7.75,7.58,7.42,7.42,7.33,7.33,0.11
743,82.25,7.25,7.5,7.5,7.5,7.5,7.5,7.5,0.11
744,82.25,7.42,7.58,7.58,7.42,7.42,7.42,7.42,0.12
745,82.25,7.42,7.33,7.42,7.5,7.67,7.5,7.42,0.0
746,82.25,7.58,7.58,7.58,7.5,7.17,7.42,7.42,0.16
747,82.25,7.33,7.5,7.5,7.33,7.58,7.67,7.33,0.11
748,82.25,7.33,7.5,7.58,7.42,7.67,7.33,7.42,0.13
749,82.25,7.33,7.67,7.58,7.33,7.5,7.42,7.42,0.12
750,82.25,7.33,7.75,7.33,7.33,7.5,7.5,7.5,0.0
751,82.25,7.42,7.33,7.58,7.42,7.67,7.33,7.5,0.11
752,82.25,7.42,7.42,7.5,7.42,7.58,7.42,7.5,0.1
753,82.25,7.42,7.5,7.42,7.67,7.33,7.58,7.33,0.12
754,82.25,7.58,7.67,7.33,7.33,7.33,7.5,7.5,0.11
755,82.25,7.5,7.67,7.58,7.42,7.0,7.5,7.58,0.12
756,82.25,7.75,7.17,7.25,7.58,7.25,7.58,7.67,0.22
757,82.17,7.5,7.42,7.42,7.5,7.42,7.42,7.5,0.11
758,82.17,7.58,7.5,7.5,7.17,7.42,7.5,7.5,0.11
759,82.17,7.5,7.5,7.5,7.33,7.42,7.5,7.42,0.1
760,82.17,7.5,7.58,7.42,7.42,7.33,7.5,7.42,0.13
761,82.17,7.58,7.42,7.42,7.42,7.5,7.5,7.33,0.12
762,82.17,7.58,6.92,7.58,7.42,7.33,7.83,7.5,0.0
763,82.17,7.5,7.42,7.42,7.17,7.75,7.25,7.67,0.12
764,82.17,7.33,7.67,7.5,7.25,7.42,7.58,7.42,0.11
765,82.17,7.42,7.42,7.42,7.5,7.5,7.42,7.5,0.09
766,82.17,7.5,7.58,7.5,7.42,7.25,7.5,7.42,0.12
767,82.17,7.25,7.75,7.42,7.42,7.58,7.33,7.42,0.12
768,82.17,7.33,7.42,7.33,7.17,7.42,7.33,8.17,0.12
769,82.17,7.5,7.5,7.5,7.33,7.42,7.5,7.42,0.1
770,82.17,7.17,7.5,7.5,7.5,7.5,7.5,7.5,0.11
771,82.17,7.58,7.67,7.5,7.5,7.17,7.17,7.58,0.0
772,82.17,7.5,7.33,7.25,7.25,7.58,7.75,7.5,0.0
773,82.17,7.67,7.5,7.67,7.0,7.5,7.33,7.5,0.15
774,82.17,7.17,7.25,7.75,7.0,7.75,8.17,7.75,0.12
775,82.17,7.5,7.5,7.58,7.25,7.5,7.5,7.33,0.12
776,82.17,7.58,7.0,7.67,7.5,7.5,7.42,7.5,0.1
777,82.17,7.42,7.58,7.67,7.42,7.17,7.17,7.75,0.08
778,82.08,7.33,7.5,7.5,7.42,7.42,7.5,7.42,0.15
779,82.08,7.58,7.75,7.58,7.42,7.67,7.83,7.58,0.0
780,82.08,7.5,7.42,7.58,7.42,7.5,7.42,7.25,0.11
781,82.08,7.25,7.25,7.25,7.58,7.58,7.25,7.92,0.0
782,82.08,7.67,7.75,7.42,7.42,7.25,7.17,7.42,0.0
783,82.08,7.42,7.42,7.33,7.42,7.42,7.5,7.58,0.12
784,82.08,7.5,7.42,7.5,7.5,7.33,7.33,7.5,0.12
785,82.08,7.25,7.5,7.42,7.42,7.42,7.67,7.42,0.11
786,82.08,7.33,7.58,7.33,7.33,7.33,7.5,7.67,0.11
787,82.08,7.5,7.25,7.58,7.58,7.25,7.5,7.42,0.11
788,82.08,7.42,7.42,7.58,7.5,7.33,7.42,7.42,0.13
789,82.08,7.5,7.5,7.42,7.42,7.5,7.25,7.5,0.13
790,82.08,7.33,7.67,7.5,7.25,7.58,7.42,7.33,0.11
791,82.08,7.42,7.67,8.0,7.17,7.08,7.67,7.08,0.12
792,82.08,7.33,7.58,7.42,7.25,7.75,7.33,7.42,0.11
793,82.08,7.42,7.33,7.5,7.33,7.58,7.08,7.83,0.1
794,82.08,7.17,7.67,7.42,7.67,7.33,7.25,7.58,0.08
795,82.0,7.42,7.5,7.5,7.17,7.5,7.5,7.42,0.12
796,82.0,7.5,7.5,7.5,7.25,7.33,7.42,7.5,0.1
797,82.0,7.5,7.5,7.33,7.42,7.5,7.33,7.42,0.11
798,82.0,7.42,7.67,7.33,7.33,7.42,7.42,7.42,0.13
799,82.0,7.5,7.42,7.5,7.25,7.33,7.5,7.5,0.12
800,82.0,7.5,7.42,7.42,7.33,7.58,7.33,7.42,0.12
801,82.0,7.33,7.5,7.42,7.33,7.58,7.33,7.5,0.13
802,82.0,7.75,7.33,7.5,7.17,7.42,7.5,7.33,0.09
803,82.0,7.33,7.58,7.5,7.42,7.42,7.33,7.42,0.11
804,82.0,7.33,7.5,7.25,7.33,7.33,7.75,7.5,0.1
805,82.0,7.17,7.33,7.33,7.33,7.5,7.5,7.83,0.11
806,82.0,7.17,7.33,7.33,7.58,7.5,7.5,7.58,0.11
807,82.0,7.42,7.42,7.58,7.33,7.42,8.0,7.5,0.12
808,82.0,7.67,7.33,7.67,7.42,7.17,7.33,7.42,0.11
809,82.0,7.42,7.67,7.33,7.25,7.5,7.42,7.42,0.12
810,82.0,7.42,7.42,7.5,7.33,7.5,7.33,7.5,0.12
811,82.0,7.42,7.42,7.5,7.25,7.5,7.5,7.42,0.11
812,82.0,7.17,7.33,7.33,7.33,7.5,7.67,7.67,0.11
813,82.0,7.33,7.58,7.5,7.17,7.5,7.5,7.42,0.12
814,82.0,7.42,7.75,7.33,7.33,7.42,7.75,7.67,0.0
815,82.0,8.0,7.33,7.0,7.08,7.42,7.5,7.67,0.07
816,81.92,7.58,7.58,7.5,7.25,7.58,7.58,7.5,0.1
817,81.92,7.42,7.5,7.5,7.25,7.42,7.42,7.42,0.11
818,81.92,7.33,7.58,7.5,7.25,7.33,7.42,7.5,0.12
819,81.92,7.5,7.42,7.33,7.33,7.5,7.5,7.33,0.11
820,81.92,7.33,7.67,7.58,7.33,7.5,7.5,7.67,0.11
821,81.92,7.25,7.58,7.58,7.17,7.83,7.17,7.33,0.11
822,81.92,7.42,7.33,7.33,7.33,7.42,7.5,7.58,0.12
823,81.92,7.33,7.58,7.42,7.25,7.17,7.5,7.67,0.12
824,81.92,7.25,7.67,7.08,7.42,7.33,7.75,7.42,0.0
825,81.92,7.42,7.42,7.33,7.33,7.58,7.33,7.5,0.11
826,81.92,7.25,7.5,7.5,7.42,7.25,7.5,7.5,0.11
827,81.92,7.25,7.58,7.5,7.25,7.58,7.5,7.25,0.12
828,81.92,7.42,7.5,7.5,7.25,7.25,7.5,7.5,0.13
829,81.92,7.58,7.5,7.42,7.25,7.5,7.33,7.33,0.14
830,81.92,7.5,7.33,7.58,7.17,7.58,7.42,7.33,0.12
831,81.92,7.33,7.67,7.42,7.33,7.83,7.5,7.5,0.12
832,81.92,7.33,7.42,7.58,7.25,7.5,7.33,7.5,0.12
833,81.92,7.33,7.67,7.33,7.33,7.58,7.33,7.33,0.09
834,81.83,7.42,7.42,7.5,7.25,7.5,7.33,7.42,0.1
835,81.83,7.33,7.25,7.33,7.5,7.33,7.67,7.42,0.0
836,81.83,7.33,7.42,7.5,7.42,7.5,7.42,7.25,0.11
837,81.83,5.17,7.75,7.83,7.58,7.75,7.92,7.83,0.11
838,81.83,7.17,7.58,7.5,7.33,7.42,7.58,7.25,0.1
839,81.83,7.75,7.17,7.58,6.83,7.5,7.75,7.25,0.0
840,81.83,8.25,7.58,7.0,6.92,6.92,7.67,7.5,0.0
841,81.83,7.33,7.33,7.58,7.5,7.42,7.33,7.33,0.0
842,81.83,7.42,7.58,7.5,7.33,7.5,7.17,7.33,0.11
843,81.83,7.33,7.5,7.5,7.33,7.5,7.42,7.25,0.12
844,81.83,7.42,7.67,7.5,7.5,7.25,7.08,7.42,0.09
845,81.83,7.33,7.67,7.33,7.17,7.25,7.75,7.33,0.0
846,81.83,7.42,7.42,7.42,7.42,7.33,7.42,7.42,0.11
847,81.83,7.42,7.58,7.42,7.33,7.33,7.33,7.42,0.13
848,81.83,7.33,7.33,7.58,7.25,7.17,7.83,7.33,0.11
849,81.83,7.5,7.5,7.5,7.33,7.33,7.33,7.33,0.1
850,81.83,7.5,7.42,7.42,7.25,7.5,7.33,7.42,0.11
851,81.83,7.33,7.5,7.5,7.0,7.42,7.5,7.58,0.0
852,81.83,8.0,7.83,7.83,7.83,8.0,7.83,7.83,0.0
853,81.83,7.83,7.75,7.75,7.5,7.42,7.83,7.75,0.12
854,81.83,7.5,7.83,7.67,7.33,7.33,7.67,7.83,0.11
855,81.83,7.25,7.83,7.33,7.25,7.58,7.25,7.33,0.12
856,81.83,7.42,7.33,7.33,7.25,7.5,7.5,7.5,0.12
857,81.83,7.33,7.33,7.67,7.25,7.5,7.5,7.25,0.02
858,81.83,7.33,7.58,7.5,7.17,7.58,7.33,7.33,0.05
859,81.83,7.33,7.25,7.58,7.83,7.67,7.75,7.75,0.02
860,81.75,7.33,7.5,7.5,7.25,7.42,7.42,7.33,0.11
861,81.75,8.0,7.0,7.08,7.33,7.5,7.5,7.33,0.12
862,81.75,7.42,7.42,7.42,7.42,7.42,7.33,7.33,0.12
863,81.75,7.25,7.17,7.25,7.17,7.25,7.42,8.25,0.1
864,81.75,7.5,7.5,7.5,7.33,7.42,7.25,7.25,0.13
865,81.75,7.25,7.42,7.5,7.17,7.67,7.33,7.42,0.13
866,81.75,7.25,7.42,7.5,7.33,7.58,7.33,7.33,0.11
867,81.75,7.33,7.33,7.42,7.33,7.67,7.42,7.25,0.12
868,81.75,7.33,7.5,7.42,7.25,7.33,7.67,7.25,0.12
869,81.75,7.17,7.33,7.42,7.33,7.33,7.5,7.67,0.0
870,81.75,7.5,7.42,7.58,6.92,7.08,7.25,8.0,0.08
871,81.67,7.25,7.42,7.5,7.25,7.5,7.5,7.25,0.11
872,81.67,7.58,7.42,7.42,7.08,7.42,7.33,7.42,0.1
873,81.67,7.33,7.42,7.33,7.17,7.67,7.33,7.42,0.12
874,81.67,7.25,7.58,7.5,7.33,7.33,7.42,7.25,0.11
875,81.67,7.58,7.17,7.33,7.33,7.42,7.5,7.33,0.0
876,81.67,7.33,7.58,7.5,7.25,7.25,7.5,7.25,0.1
877,81.67,7.67,7.75,7.75,7.75,7.67,5.25,7.83,0.0
878,81.67,7.25,7.25,7.75,6.92,7.42,7.5,7.58,0.0
879,81.67,7.33,7.42,7.33,7.25,7.42,7.5,7.42,0.12
880,81.67,7.5,7.33,7.33,7.5,7.25,7.42,7.33,0.12
881,81.67,7.33,7.25,7.42,7.25,7.5,7.5,7.42,0.1
882,81.67,7.58,7.17,7.42,7.33,7.42,7.33,7.42,0.11
883,81.67,7.5,7.5,7.33,7.5,7.5,7.17,7.17,0.1
884,81.67,8.08,7.5,7.17,7.17,7.17,7.5,7.08,0.11
885,81.67,7.42,7.42,7.42,7.67,8.0,7.58,7.5,0.0
886,81.67,7.25,7.5,7.5,7.5,7.25,7.42,7.25,0.11
887,81.67,7.25,7.58,7.42,7.33,7.42,7.33,7.33,0.11
888,81.67,7.42,7.5,7.42,7.08,7.58,7.33,7.33,0.12
889,81.67,7.17,7.5,7.67,7.33,7.33,7.33,7.33,0.11
890,81.67,7.58,7.25,7.67,7.58,7.67,7.67,7.58,0.13
891,81.67,7.08,7.67,7.25,7.17,7.75,7.5,7.25,0.11
892,81.67,7.17,7.5,7.42,7.33,7.42,7.42,7.42,0.11
893,81.67,7.42,7.58,7.42,7.25,7.58,7.25,7.17,0.11
894,81.67,7.67,7.75,7.58,7.25,7.17,7.58,7.33,0.11
895,81.67,7.25,7.42,7.33,7.33,7.33,7.17,7.83,0.1
896,81.58,7.33,7.5,7.42,7.08,7.42,7.5,7.33,0.11
897,81.58,7.42,7.42,7.42,7.08,7.5,7.42,7.33,0.12
898,81.58,7.25,7.42,7.42,7.25,7.67,7.33,7.25,0.1
899,81.58,7.25,7.58,7.42,7.5,7.17,7.08,7.58,0.12
900,81.58,7.25,7.42,7.42,7.33,7.42,7.42,7.33,0.12
901,81.58,7.33,7.42,7.42,7.17,7.58,7.33,7.33,0.13
902,81.58,7.0,7.33,7.17,7.08,7.08,8.33,8.25,0.0
903,81.58,7.33,7.42,7.42,7.33,7.33,7.5,7.25,0.12
904,81.58,7.17,7.42,7.33,7.17,7.58,7.42,7.5,0.12
905,81.58,7.33,7.67,7.5,7.42,7.5,6.75,7.42,0.12
906,81.58,7.33,7.33,7.5,7.25,7.5,7.5,7.17,0.11
907,81.58,7.67,7.67,7.58,7.42,7.58,7.58,7.42,0.11
908,81.58,7.33,7.08,7.33,7.58,7.58,7.17,7.5,0.01
909,81.58,7.33,7.33,7.33,7.17,7.5,7.58,7.33,0.2
910,81.58,7.25,7.25,7.17,7.33,7.33,7.5,7.75,0.0
911,81.5,7.58,7.67,7.58,7.17,7.42,7.33,7.42,0.1
912,81.5,7.33,7.5,7.42,7.33,7.33,7.25,7.33,0.11
913,81.5,7.33,7.5,7.5,7.33,7.42,7.17,7.25,0.1
914,81.5,7.33,7.5,7.42,7.25,7.25,7.5,7.25,0.12
915,81.5,7.33,7.5,7.42,7.33,7.08,7.58,7.25,0.12
916,81.5,7.42,7.25,7.42,7.25,7.5,7.33,7.33,0.0
917,81.5,7.33,7.83,7.33,7.08,7.08,7.33,7.5,0.12
918,81.5,7.33,7.67,7.42,6.92,7.5,7.5,7.17,0.12
919,81.5,7.17,7.5,7.42,7.17,7.58,7.25,7.42,0.12
920,81.5,7.5,7.42,7.33,7.67,7.33,7.42,7.5,0.11
921,81.5,7.75,7.58,7.5,7.5,7.67,7.67,7.83,0.0
922,81.5,7.33,7.42,7.33,7.25,7.42,7.42,7.33,0.11
923,81.5,7.42,7.5,7.42,7.25,7.25,7.33,7.33,0.11
924,81.5,7.25,7.33,7.33,7.17,7.42,7.5,7.5,0.13
925,81.5,7.17,7.58,7.42,7.25,7.42,7.33,7.33,0.12
926,81.5,7.08,7.42,7.25,7.17,7.42,7.17,8.0,0.12
927,81.5,7.25,7.33,7.5,7.33,7.33,7.33,7.42,0.11
928,81.5,7.5,7.42,7.42,7.33,7.17,7.25,7.42,0.13
929,81.5,7.42,7.5,7.5,7.25,7.5,7.42,7.58,0.11
930,81.5,7.17,7.75,7.17,7.17,7.33,7.58,7.33,0.12
931,81.5,7.17,7.5,7.42,7.17,7.42,7.5,7.33,0.12
932,81.5,7.42,7.33,7.5,7.33,7.42,7.17,7.33,0.11
933,81.5,7.33,7.42,7.42,7.17,7.42,7.42,7.33,0.06
934,81.5,7.33,7.33,7.33,7.33,7.5,7.5,7.83,0.0
935,81.42,7.25,7.58,7.33,7.08,7.33,7.5,7.33,0.12
936,81.42,7.42,7.42,7.33,7.08,7.58,7.33,7.25,0.1
937,81.42,7.5,7.33,7.5,7.5,7.33,6.83,7.42,0.11
938,81.42,7.25,7.5,7.33,7.17,7.25,7.5,7.42,0.12
939,81.42,7.08,7.83,7.75,7.42,7.17,7.08,7.08,0.12
940,81.42,7.42,7.58,7.17,7.33,7.42,7.08,7.42,0.12
941,81.42,7.42,7.25,7.5,7.42,7.17,7.33,7.33,0.0
942,81.42,7.08,7.42,7.5,7.17,7.42,7.42,7.42,0.1
943,81.42,7.33,7.67,7.33,7.25,7.17,7.25,7.42,0.0
944,81.42,7.25,7.42,7.42,7.17,7.33,7.42,7.42,0.1
945,81.42,7.08,7.42,7.33,7.25,7.42,7.42,7.5,0.12
946,81.42,7.58,7.42,7.33,7.25,7.17,7.25,7.42,0.13
947,81.42,7.25,7.42,7.42,7.25,7.25,7.5,7.33,0.13
948,81.42,7.17,7.5,7.42,7.25,7.17,7.17,7.75,0.11
949,81.42,7.33,7.75,7.33,7.42,7.0,7.33,7.25,0.16
950,81.42,6.92,7.83,7.0,7.0,7.58,7.58,7.5,0.01
951,81.33,7.25,7.5,7.33,7.33,7.17,7.33,7.42,0.0
952,81.33,7.33,7.5,7.5,7.0,7.17,7.5,7.33,0.11
953,81.33,7.17,7.67,7.42,7.0,7.42,7.58,7.08,0.12
954,81.33,7.33,7.25,7.33,7.33,7.33,7.33,7.42,0.11
955,81.33,7.42,7.58,7.42,7.17,7.42,7.17,7.17,0.09
956,81.33,7.42,7.17,7.33,7.42,7.25,7.42,7.33,0.12
957,81.33,7.33,7.08,7.33,7.42,7.33,7.33,7.5,0.14
958,81.33,7.25,7.75,7.33,7.08,7.33,7.33,7.25,0.13
959,81.33,7.33,7.33,7.33,7.17,7.33,7.5,7.33,0.12
960,81.33,7.25,7.58,7.42,7.25,7.33,7.25,7.25,0.13
961,81.33,7.25,7.33,7.25,7.17,7.42,7.58,7.33,0.12
962,81.33,7.58,7.5,7.58,7.5,7.5,7.75,7.83,0.11
963,81.25,5.25,7.83,7.75,7.67,7.83,7.83,7.75,0.12
964,81.25,7.33,7.17,7.42,7.17,7.08,6.92,8.17,0.0
965,81.25,7.5,7.08,7.5,7.33,7.17,7.42,7.25,0.1
966,81.25,7.42,7.42,7.17,7.17,7.5,7.33,7.25,0.12
967,81.25,7.33,7.33,7.42,7.17,7.25,7.42,7.33,0.09
968,81.25,7.42,7.33,7.17,7.17,7.5,7.25,7.42,0.13
969,81.25,7.25,7.5,7.5,7.25,7.25,7.25,7.25,0.11
970,81.25,7.08,7.5,7.33,7.5,7.58,7.0,7.25,0.11
971,81.25,7.5,7.42,7.42,7.33,7.33,7.5,7.42,0.12
972,81.17,7.25,7.33,7.5,7.17,7.17,7.58,7.17,0.09
973,81.17,7.17,7.67,7.17,7.17,7.33,7.5,7.17,0.12
974,81.17,7.17,7.75,7.58,7.08,7.25,7.08,7.25,0.12
975,81.17,7.42,7.5,7.5,7.33,7.17,7.08,7.17,0.11
976,81.17,7.33,7.42,7.33,7.0,7.42,7.33,7.33,0.13
977,81.17,7.42,6.83,7.42,7.42,7.17,7.5,7.42,0.12
978,81.17,7.25,7.25,7.25,7.25,7.08,7.58,7.5,0.0
979,81.17,7.33,7.58,7.17,7.17,7.33,7.33,7.25,0.12
980,81.17,7.25,7.58,7.25,7.33,7.08,7.33,7.33,0.12
981,81.17,7.25,7.33,7.08,7.33,7.25,7.33,7.58,0.11
982,81.17,7.17,7.42,7.42,7.17,7.42,7.33,7.25,0.11
983,81.17,7.08,7.42,7.25,7.08,7.75,7.42,7.17,0.13
984,81.17,7.25,7.42,7.25,7.33,7.25,7.25,7.42,0.12
985,81.17,7.08,7.42,7.33,7.25,7.42,7.5,7.17,0.12
986,81.17,7.75,7.25,7.75,7.67,7.67,7.42,7.67,0.04
987,81.08,7.25,7.42,7.33,7.17,7.33,7.42,7.17,0.11
988,81.08,7.33,7.58,7.42,7.5,7.25,7.75,7.58,0.11
989,81.08,7.0,7.33,7.33,7.33,7.42,7.33,7.33,0.11
990,81.08,7.17,7.42,7.17,7.33,7.42,7.25,7.33,0.0
991,81.08,7.17,7.42,7.33,7.33,7.25,7.25,7.33,0.13
992,81.08,7.17,7.42,7.25,7.17,7.25,7.25,7.58,0.13
993,81.08,8.5,7.67,7.75,7.67,7.58,7.58,7.67,0.0
994,81.08,7.25,7.25,7.42,7.33,7.33,7.17,7.33,0.13
995,81.08,7.08,7.33,7.25,7.33,7.42,7.25,7.42,0.12
996,81.08,7.25,7.33,7.33,7.25,7.42,7.25,7.25,0.11
997,81.08,7.25,7.42,7.33,7.25,7.42,7.17,7.25,0.1
998,81.08,7.33,7.42,7.42,7.25,7.58,6.92,7.17,0.06
999,81.0,7.33,7.25,7.25,7.17,7.5,7.33,7.17,0.11
1000,81.0,7.25,7.42,7.08,7.08,7.33,7.25,7.58,0.0
1001,81.0,7.17,7.33,7.17,7.17,7.67,7.33,7.17,0.11
1002,81.0,7.25,7.42,7.25,7.17,7.5,7.25,7.17,0.09
1003,81.0,7.75,7.67,7.5,7.42,5.25,7.67,7.75,0.0
1004,81.0,7.25,7.5,7.25,7.0,7.25,7.5,7.25,0.11
1005,81.0,7.33,7.25,7.17,7.17,7.25,7.5,7.33,0.12
1006,81.0,7.33,7.42,7.25,7.25,7.33,7.25,7.17,0.12
1007,81.0,7.75,7.67,7.75,7.83,7.75,7.83,7.75,0.12
1008,81.0,7.33,7.33,7.33,7.08,7.42,7.17,7.33,0.12
1009,81.0,7.42,7.33,6.92,7.17,7.33,7.42,7.42,0.12
1010,81.0,7.25,7.5,6.92,7.33,7.33,7.33,7.33,0.11
1011,81.0,7.17,7.33,7.42,7.25,7.42,7.25,7.17,0.0
1012,81.0,7.25,7.08,7.33,7.33,7.33,7.42,7.25,0.12
1013,81.0,7.5,7.58,7.67,7.5,7.67,7.58,7.5,0.0
1014,80.92,7.25,7.33,7.17,7.25,7.33,7.33,7.25,0.0
1015,80.92,7.5,7.67,7.67,7.33,7.58,7.67,7.5,0.1
1016,80.92,5.42,7.17,7.58,7.5,7.5,8.0,7.75,0.11
1017,80.92,7.33,7.5,7.33,7.17,7.42,7.5,7.33,0.11
1018,80.92,7.42,7.17,7.42,7.0,7.58,7.33,7.0,0.0
1019,80.92,7.25,7.42,7.08,7.17,7.17,7.58,7.25,0.1
1020,80.92,7.25,7.33,7.17,7.17,7.25,7.42,7.33,0.12
1021,80.92,7.25,7.25,7.33,7.25,7.25,7.25,7.33,0.12
1022,80.92,6.75,7.92,7.67,7.33,7.08,7.08,7.08,0.09
1023,80.92,7.33,7.17,7.42,7.17,7.25,7.25,7.33,0.1
1024,80.92,7.33,7.33,7.08,7.25,7.0,7.5,7.42,0.1
1025,80.92,7.08,7.58,7.42,6.92,7.5,7.25,7.17,0.12
1026,80.92,7.25,7.42,7.25,7.25,7.25,7.25,7.25,0.11
1027,80.92,7.17,7.25,7.17,7.08,7.08,7.08,8.08,0.11
1028,80.92,7.25,7.42,7.25,7.25,7.25,7.25,7.25,0.11
1029,80.92,7.0,7.58,7.33,7.08,7.5,7.17,7.25,0.13
1030,80.92,6.83,7.67,7.58,7.33,7.33,7.17,7.0,0.0
1031,80.83,7.33,7.42,7.33,7.17,7.17,7.17,7.25,0.0
1032,80.83,7.08,7.67,7.25,7.08,7.33,7.17,7.25,0.11
1033,80.83,7.33,7.17,7.08,7.25,7.42,7.25,7.33,0.13
1034,80.83,7.17,7.33,7.25,7.33,7.33,7.25,7.17,0.11
1035,80.83,7.25,7.5,7.17,7.33,7.25,7.17,7.17,0.13
1036,80.83,7.0,7.42,7.33,7.0,7.25,7.33,7.5,0.1
1037,80.83,7.33,7.33,7.33,7.0,6.83,7.33,7.67,0.01
1038,80.75,7.25,7.17,7.25,7.08,7.17,7.25,7.58,0.0
1039,80.75,7.17,6.92,7.5,7.0,7.58,7.5,7.08,0.0
1040,80.75,7.17,7.5,7.33,7.0,7.42,7.17,7.17,0.12
1041,80.75,7.25,7.25,7.25,7.17,7.25,7.33,7.25,0.12
1042,80.75,7.08,7.5,7.33,7.0,7.42,7.25,7.17,0.11
1043,80.75,7.17,7.25,7.33,7.17,7.33,7.33,7.17,0.11
1044,80.75,7.17,7.42,7.17,7.08,7.42,7.25,7.25,0.09
1045,80.75,7.0,7.25,7.33,7.08,7.5,7.25,7.33,0.13
1046,80.75,7.25,7.33,7.33,7.25,7.25,7.17,7.17,0.11
1047,80.75,7.5,7.58,7.33,7.42,7.25,7.5,7.5,0.11
1048,80.75,7.25,7.42,7.0,7.42,7.25,7.08,7.33,0.12
1049,80.75,6.92,7.08,7.33,7.17,7.25,7.33,7.67,0.13
1050,80.67,7.33,7.33,7.08,7.08,7.08,7.42,7.33,0.0
1051,80.67,7.33,7.58,7.42,7.0,7.67,7.5,7.5,0.13
1052,80.67,7.0,7.67,7.42,6.83,7.17,7.42,7.17,0.11
1053,80.67,8.0,7.83,7.5,7.67,7.67,7.83,7.5,0.11
1054,80.67,7.17,7.5,7.25,7.17,7.17,7.25,7.17,0.12
1055,80.67,7.25,7.25,7.17,7.17,7.25,7.17,7.42,0.12
1056,80.67,8.5,7.67,7.5,7.42,7.67,7.5,7.75,0.0
1057,80.67,7.33,7.67,7.17,7.0,7.5,7.0,7.0,0.12
1058,80.67,7.17,7.0,7.33,7.5,7.33,7.0,7.33,0.11
1059,80.67,7.33,7.0,7.5,7.33,7.17,7.17,7.17,0.11
1060,80.67,7.25,7.17,7.25,7.08,7.42,7.08,7.42,0.18
1061,80.58,7.42,7.33,7.25,7.33,7.08,7.58,7.25,0.11
1062,80.58,7.33,7.08,7.5,7.0,7.25,7.42,7.0,0.11
1063,80.58,7.25,7.25,7.08,7.08,7.33,7.33,7.25,0.12
1064,80.58,7.25,7.42,7.25,7.33,7.0,7.08,7.25,0.0
1065,80.58,7.17,7.5,7.17,7.0,7.42,7.33,7.0,0.11
1066,80.58,7.25,7.17,7.42,6.83,7.5,7.17,7.25,0.11
1067,80.58,7.83,7.42,7.58,7.5,7.92,7.83,7.83,0.0
1068,80.58,7.33,7.08,7.25,7.0,7.5,7.08,7.33,0.0
1069,80.5,7.17,7.17,7.17,7.17,7.42,7.17,7.25,0.0
1070,80.5,7.25,7.33,7.25,7.08,7.17,7.25,7.17,0.1
1071,80.5,7.0,7.58,7.33,7.0,7.17,7.33,7.08,0.11
1072,80.5,7.25,7.25,7.25,7.17,7.17,7.25,7.17,0.12
1073,80.5,7.33,7.25,7.33,7.17,7.5,7.33,7.25,0.11
1074,80.5,7.08,7.17,7.33,7.17,7.42,7.25,7.08,0.0
1075,80.5,7.17,7.5,7.17,6.83,7.5,7.17,7.17,0.11
1076,80.5,7.42,7.42,7.42,7.08,7.33,7.67,7.5,0.1
1077,80.5,7.17,7.42,7.33,7.33,7.58,7.58,7.42,0.11
1078,80.5,6.67,7.5,7.5,7.0,7.67,7.17,7.0,0.12
1079,80.5,7.17,7.25,7.25,7.08,7.33,7.25,7.17,0.15
1080,80.42,7.0,7.25,7.42,7.0,7.42,7.33,7.0,0.1
1081,80.42,7.0,7.58,7.17,7.17,7.17,7.17,7.17,0.14
1082,80.42,7.25,7.33,7.17,7.08,7.08,7.33,7.17,0.0
1083,80.42,7.17,7.25,7.08,7.25,7.17,7.33,7.17,0.17
1084,80.42,7.0,7.25,7.25,7.17,7.25,7.25,7.25,0.11
1085,80.42,7.25,6.92,7.17,7.08,7.5,7.33,7.17,0.1
1086,80.42,7.08,7.42,7.08,7.08,7.33,7.25,7.17,0.12
1087,80.33,7.33,7.08,7.25,7.17,7.33,7.08,7.08,0.12
1088,80.33,7.17,7.25,7.17,7.0,7.25,7.42,7.08,0.13
1089,80.33,7.08,7.25,7.17,7.25,7.25,7.25,7.08,0.12
1090,80.33,7.0,7.25,7.25,7.08,7.25,7.25,7.25,0.11
1091,80.33,7.17,7.33,7.33,6.83,7.5,7.0,7.17,0.11
1092,80.33,7.08,7.25,7.08,7.08,7.33,7.33,7.17,0.11
1093,80.33,7.08,7.17,7.5,6.92,7.33,7.67,7.33,0.12
1094,80.33,7.08,7.25,7.25,7.25,7.33,7.5,8.0,0.1
1095,80.25,7.25,7.17,7.33,7.42,7.08,7.0,7.0,0.11
1096,80.25,7.33,7.25,7.25,7.0,7.0,7.42,7.0,0.1
1097,80.25,7.17,7.25,7.17,7.0,7.33,7.33,7.0,0.1
1098,80.25,6.83,8.0,7.08,7.0,7.33,7.08,6.92,0.11
1099,80.25,7.25,7.42,7.0,7.08,7.0,7.17,7.33,0.0
1100,80.25,7.25,7.08,6.92,7.0,7.25,7.5,7.25,0.11
1101,80.25,7.33,7.5,7.08,7.67,7.67,7.42,7.58,0.12
1102,80.25,7.58,7.42,8.0,7.83,7.75,8.08,7.58,0.1
1103,80.25,7.0,7.25,7.08,7.25,7.25,7.17,7.25,0.11
1104,80.25,7.25,7.0,7.17,7.33,7.33,7.0,7.17,0.11
1105,80.25,7.17,7.58,7.33,7.17,7.25,6.75,7.0,0.11
1106,80.17,7.25,7.42,7.25,7.25,7.58,7.42,7.33,0.0
1107,80.17,7.17,7.17,7.08,7.08,7.33,7.25,7.08,0.11
1108,80.17,7.33,7.25,7.25,7.0,7.17,7.08,7.08,0.11
1109,80.17,7.0,7.33,7.33,7.0,7.17,7.17,7.17,0.11
1110,80.17,7.08,7.33,7.08,6.92,7.42,7.25,7.08,0.11
1111,80.17,7.42,7.58,7.42,7.33,7.5,7.08,7.17,0.14
1112,80.17,7.0,7.33,7.33,7.17,7.08,7.25,7.0,0.12
1113,80.17,7.17,7.33,7.33,7.0,7.33,7.0,7.0,0.11
1114,80.17,7.42,7.58,7.5,7.33,7.33,7.67,7.33,0.05
1115,80.08,7.08,7.17,7.17,7.0,7.17,7.25,7.25,0.11
1116,80.08,7.0,7.42,7.25,7.25,7.17,7.0,7.0,0.07
1117,80.08,7.08,7.25,7.17,6.92,7.25,7.17,7.25,0.1
1118,80.08,7.0,7.25,7.25,7.25,7.25,7.08,7.0,0.11
1119,80.08,7.0,7.25,7.25,7.25,7.0,7.25,7.08,0.11
1120,80.08,7.0,7.25,7.25,7.25,7.08,7.17,7.08,0.11
1121,80.08,7.08,7.33,7.17,7.25,7.08,7.08,7.08,0.15
1122,80.08,7.08,7.25,7.08,7.0,7.17,7.33,7.17,0.14
1123,80.0,7.0,7.33,7.08,6.92,7.08,7.42,7.17,0.1
1124,80.0,6.92,7.17,7.33,7.0,7.42,7.17,7.0,0.0
1125,80.0,7.42,7.58,7.75,7.42,7.5,7.5,7.5,0.0
1126,80.0,7.0,7.25,7.25,7.25,7.0,7.25,7.0,0.11
1127,80.0,7.0,7.33,6.67,7.08,7.42,7.42,7.08,0.0
1128,80.0,7.25,7.25,7.25,7.08,7.17,7.33,7.33,0.12
1129,80.0,7.17,7.08,7.33,7.0,7.33,7.08,7.0,0.11
1130,80.0,7.75,7.42,7.42,7.5,7.92,7.75,7.58,0.05
1131,79.92,7.42,7.83,7.67,7.58,7.75,7.83,7.17,0.0
1132,79.92,7.0,7.5,7.0,7.0,6.92,7.33,7.17,0.11
1133,79.92,7.17,7.33,7.08,7.08,7.33,7.42,7.17,0.12
1134,79.92,7.0,7.17,7.17,6.92,7.25,7.33,7.08,0.12
1135,79.92,6.75,7.5,7.17,7.0,7.17,7.25,7.08,0.0
1136,79.92,7.33,7.17,7.08,7.08,7.08,7.5,7.33,0.11
1137,79.92,7.25,7.33,7.25,7.0,7.42,7.17,7.17,0.12
1138,79.92,7.0,7.17,7.33,7.08,7.58,7.33,7.08,0.11
1139,79.92,7.58,7.5,7.42,7.58,7.42,7.5,7.58,0.05
1140,79.83,7.08,7.0,7.08,7.0,7.17,7.25,7.25,0.11
1141,79.83,7.08,7.33,7.25,6.92,7.33,7.25,7.33,0.1
1142,79.83,7.17,6.83,7.17,7.17,6.92,7.5,7.08,0.11
1143,79.83,6.83,7.17,7.08,7.0,7.25,7.5,7.0,0.12
1144,79.83,7.17,7.58,7.08,6.83,7.17,7.5,7.17,0.12
1145,79.75,7.25,7.5,7.42,7.25,7.58,7.33,7.42,0.1
1146,79.75,7.33,7.75,7.33,7.17,7.33,7.67,7.83,0.0
1147,79.75,7.0,7.08,7.08,7.25,7.0,7.17,7.17,0.1
1148,79.75,7.0,7.25,7.08,6.92,7.5,7.08,6.92,0.12
1149,79.75,7.17,7.0,7.08,7.0,7.25,7.5,7.42,0.12
1150,79.75,8.0,7.58,7.5,7.67,7.75,7.67,7.58,0.1
1151,79.75,6.67,7.58,7.08,7.0,7.0,7.5,6.92,0.12
1152,79.75,6.83,7.58,7.08,6.92,7.58,7.5,6.92,0.13
1153,79.75,7.0,7.25,7.08,7.0,7.17,7.17,7.08,0.12
1154,79.75,6.92,7.25,7.17,7.17,7.08,7.17,7.0,0.14
1155,79.75,7.0,7.33,7.25,7.0,7.08,7.08,7.0,0.1
1156,79.75,7.67,7.58,7.33,7.5,7.33,7.0,7.33,0.0
1157,79.75,7.33,7.25,6.83,6.92,7.08,7.25,7.08,0.12
1158,79.67,7.25,7.42,7.42,7.25,7.58,7.42,7.33,0.1
1159,79.67,7.0,7.25,7.08,7.0,6.83,7.33,7.17,0.0
1160,79.67,7.08,6.92,7.17,6.83,7.42,7.17,7.08,0.12
1161,79.67,7.0,7.5,7.0,6.83,7.08,7.08,7.17,0.11
1162,79.67,6.83,7.42,7.25,6.83,7.58,7.17,6.58,0.12
1163,79.67,7.33,7.33,7.17,7.0,6.75,7.08,7.0,0.13
1164,79.67,7.08,6.92,7.17,7.17,7.17,7.08,7.08,0.0
1165,79.67,7.17,7.17,7.17,7.0,7.0,7.25,6.92,0.0
1166,79.58,6.92,7.08,7.0,6.92,7.33,7.25,7.08,0.12
1167,79.58,6.92,7.25,6.92,6.92,7.33,7.25,7.0,0.13
1168,79.58,6.92,7.25,7.17,7.0,6.75,7.17,7.33,0.1
1169,79.58,7.08,7.08,7.0,6.83,7.33,7.25,7.0,0.17
1170,79.5,7.0,6.92,6.92,7.0,7.42,7.25,7.0,0.12
1171,79.5,7.0,6.92,7.0,7.17,7.0,7.42,7.0,0.0
1172,79.5,7.5,7.83,7.5,7.42,7.42,7.67,7.5,0.0
1173,79.5,7.0,7.25,7.08,6.92,7.25,7.58,7.08,0.12
1174,79.5,7.0,7.25,7.33,7.0,7.25,7.17,7.17,0.12
1175,79.42,7.42,7.08,7.33,7.25,7.58,7.33,7.42,0.1
1176,79.42,6.83,7.25,7.33,6.83,7.0,7.0,7.17,0.1
1177,79.42,6.83,7.0,6.83,6.83,7.42,7.33,7.17,0.13
1178,79.33,7.08,7.42,7.25,6.83,7.0,7.33,7.08,0.13
1179,79.33,7.33,7.42,7.25,6.75,7.25,7.42,7.25,0.0
1180,79.33,6.83,7.0,7.0,6.83,7.33,7.42,6.92,0.14
1181,79.33,7.0,7.42,7.17,7.08,7.17,7.08,7.08,0.14
1182,79.33,7.17,7.17,6.5,6.33,7.25,7.58,7.33,0.11
1183,79.25,6.75,7.08,6.83,6.83,7.25,7.42,7.08,0.11
1184,79.25,6.92,7.0,7.0,6.92,7.17,7.17,7.08,0.13
1185,79.17,7.42,7.33,7.42,7.33,7.42,7.5,7.42,0.1
1186,79.17,7.0,7.58,7.0,6.75,6.92,7.0,6.92,0.11
1187,79.17,6.83,7.08,7.0,6.92,7.42,7.0,6.92,0.11
1188,79.17,6.83,7.25,7.17,6.75,7.25,7.0,6.92,0.11
1189,79.17,7.33,7.17,7.42,7.5,8.0,7.25,7.83,0.1
1190,79.17,7.17,7.25,7.08,6.92,7.08,7.17,7.17,0.14
1191,79.17,6.92,7.17,6.92,6.92,7.08,7.17,7.0,0.14
1192,79.17,6.92,6.75,6.75,6.83,7.25,7.58,7.08,0.01
1193,79.08,7.67,7.58,7.67,7.42,7.42,7.67,7.67,0.1
1194,79.08,6.92,7.42,7.08,6.75,7.33,7.33,6.92,0.13
1195,79.08,6.83,7.33,7.0,6.92,7.25,7.33,7.08,0.16
1196,79.08,6.92,7.25,7.08,6.75,7.33,7.42,7.0,0.11
1197,79.08,7.25,7.17,7.25,7.25,7.17,7.25,7.08,0.1
1198,79.08,7.25,6.75,6.75,6.42,6.83,7.58,7.5,0.1
1199,79.0,6.58,7.33,7.17,6.58,7.42,7.08,6.83,0.12
1200,79.0,7.0,7.0,7.0,7.0,7.0,7.0,7.0,0.11
1201,79.0,7.0,7.67,7.17,7.08,7.25,8.0,7.5,0.0
1202,79.0,7.0,6.75,7.08,6.67,7.25,7.17,7.08,0.12
1203,79.0,7.0,7.5,7.17,6.92,7.5,7.25,7.0,0.14
1204,79.0,6.83,7.17,6.83,6.83,7.25,7.17,6.92,0.14
1205,78.92,7.0,7.33,7.0,6.75,7.08,7.17,7.25,0.12
1206,78.92,6.75,7.5,7.0,6.92,7.08,6.92,6.75,0.16
1207,78.83,6.75,7.17,7.0,6.92,7.0,7.0,7.0,0.1
1208,78.75,7.17,7.5,6.92,6.92,7.25,7.58,7.42,0.12
1209,78.75,6.75,7.33,7.08,6.33,7.25,7.0,7.0,0.12
1210,78.75,6.67,7.25,6.83,6.83,7.0,7.17,7.0,0.14
1211,78.75,7.0,7.25,7.33,7.17,7.25,7.08,7.0,0.14
1212,78.75,7.0,7.67,7.17,6.83,7.33,7.58,7.17,0.12
1213,78.67,7.08,7.0,6.92,6.83,7.17,7.17,7.17,0.0
1214,78.67,6.83,6.92,6.92,6.67,7.25,7.17,6.92,0.13
1215,78.58,6.92,7.08,7.0,6.75,6.83,7.08,6.92,0.1
1216,78.58,6.67,6.83,7.08,6.92,6.75,7.25,7.08,0.11
1217,78.58,7.17,7.33,7.17,6.92,7.58,7.25,7.17,0.12
1218,78.58,6.67,6.83,6.75,7.17,7.25,7.0,6.92,0.1
1219,78.58,6.67,7.0,7.0,6.75,7.33,6.92,6.92,0.13
1220,78.58,7.5,7.92,7.58,7.58,7.92,7.92,7.5,0.1
1221,78.58,7.25,7.92,6.83,7.08,7.42,6.75,7.33,0.0
1222,78.5,7.17,7.25,6.75,6.92,6.92,7.25,7.58,0.0
1223,78.5,6.83,7.08,6.83,6.83,7.0,7.0,6.92,0.12
1224,78.5,6.92,7.25,7.17,7.0,6.83,7.58,7.08,0.13
1225,78.42,6.83,6.83,7.0,6.92,7.08,6.92,6.83,0.12
1226,78.42,7.17,7.58,7.17,7.0,7.17,7.33,7.0,0.14
1227,78.33,7.83,7.5,7.75,7.58,7.83,7.92,7.92,0.1
1228,78.33,6.67,7.17,6.5,6.67,7.0,7.17,7.17,0.1
1229,78.33,6.5,7.17,7.17,6.5,7.17,7.0,6.83,0.11
1230,78.33,7.75,7.25,7.25,7.0,7.5,7.33,7.42,0.13
1231,78.33,7.0,7.17,6.08,6.17,7.25,7.33,7.33,0.11
1232,78.25,7.42,7.5,7.5,7.33,7.58,7.5,7.42,0.11
1233,78.25,7.25,7.42,7.33,7.33,7.5,7.67,7.75,0.11
1234,78.17,6.83,6.92,6.83,6.92,6.92,6.92,6.83,0.13
1235,78.08,6.75,7.08,6.83,6.67,7.25,7.25,6.92,0.11
1236,78.0,7.25,7.5,7.08,7.33,7.17,7.5,7.5,0.0
1237,78.0,6.67,6.83,7.0,6.67,7.0,7.0,6.83,0.11
1238,78.0,7.33,7.58,7.33,7.5,7.42,7.5,7.33,0.12
1239,78.0,7.25,7.42,7.25,6.83,7.33,7.0,6.92,0.1
1240,78.0,7.17,7.33,7.17,6.92,7.08,7.33,7.0,0.1
1241,78.0,6.67,7.0,6.83,6.83,7.17,6.67,6.83,0.11
1242,78.0,7.08,7.25,7.33,7.0,7.0,7.25,7.08,0.12
1243,78.0,7.08,7.42,7.17,7.0,7.17,7.67,7.17,0.1
1244,77.92,6.83,7.5,7.25,7.42,7.0,7.08,6.83,0.12
1245,77.92,6.92,7.42,7.25,7.0,7.0,7.25,7.08,0.11
1246,77.92,7.17,7.17,6.17,6.17,7.08,7.33,6.83,0.11
1247,77.83,7.17,7.42,7.0,7.0,7.17,7.08,7.0,0.1
1248,77.83,6.67,7.0,6.75,6.67,6.83,7.08,6.83,0.11
1249,77.83,6.5,7.0,6.83,6.67,7.17,6.83,6.83,0.11
1250,77.67,6.67,7.17,6.75,6.58,7.33,7.33,7.17,0.11
1251,77.58,7.58,7.58,7.67,7.58,7.67,7.42,7.42,0.12
1252,77.5,6.67,7.17,6.75,6.58,6.75,6.83,6.75,0.13
1253,77.42,6.17,7.08,6.92,6.33,7.0,6.92,7.0,0.11
1254,77.33,7.0,7.5,7.33,7.42,7.58,7.58,6.92,0.0
1255,77.33,6.67,7.33,7.0,6.83,7.17,7.17,7.17,0.1
1256,77.33,6.83,7.33,7.0,6.67,7.0,6.92,6.92,0.15
1257,77.25,6.83,6.83,6.83,6.83,6.75,6.92,6.92,0.1
1258,77.25,6.75,7.08,6.92,6.83,6.67,7.58,7.42,0.12
1259,77.17,6.92,7.08,7.0,7.0,7.25,7.33,7.25,0.12
1260,77.0,7.67,7.42,7.75,7.42,7.67,7.92,7.83,0.0
1261,76.83,7.42,7.67,7.33,7.17,6.67,7.17,7.42,0.0
1262,76.75,6.58,6.67,6.33,6.42,6.83,7.0,6.92,0.0
1263,76.5,6.5,6.42,6.5,6.5,7.33,6.33,6.92,0.12
1264,76.42,6.58,7.17,6.58,6.58,7.0,7.25,6.58,0.13
1265,76.33,7.0,7.5,7.0,6.83,7.5,7.17,7.33,0.11
1266,76.33,6.17,6.17,6.5,6.5,7.17,7.0,6.83,0.11
1267,76.25,7.08,7.25,7.08,6.83,7.17,7.33,6.83,0.0
1268,76.17,7.5,7.5,7.33,7.33,7.58,7.67,7.25,0.0
1269,76.17,6.75,7.42,7.0,6.83,7.08,6.92,6.83,0.16
1270,76.17,6.67,7.33,7.0,6.5,6.08,7.58,6.33,0.12
1271,76.08,6.58,7.08,6.83,6.83,7.17,7.17,7.08,0.12
1272,76.0,7.0,6.83,6.83,6.67,6.83,7.0,6.83,0.11
1273,75.83,6.67,6.83,6.5,6.5,6.92,6.75,7.0,0.12
1274,75.67,7.0,7.17,7.0,6.83,7.5,7.17,7.0,0.11
1275,75.58,6.83,7.92,7.58,7.17,7.58,7.33,7.17,0.11
1276,75.58,6.5,6.67,6.5,6.33,7.0,7.17,6.75,0.12
1277,75.5,6.83,7.5,7.25,6.92,7.0,7.17,6.83,0.11
1278,75.17,6.58,7.17,6.92,6.67,6.83,7.25,7.75,0.11
1279,75.17,6.67,7.25,6.83,6.67,7.08,7.17,6.83,0.12
1280,75.17,6.75,7.17,7.17,6.83,7.17,7.42,6.67,0.13
1281,75.0,6.75,7.0,6.92,6.75,6.92,7.17,6.83,0.14
1282,74.92,6.42,7.08,6.75,6.58,7.0,7.0,6.75,0.17
1283,74.83,7.0,7.33,6.75,6.67,7.25,7.5,7.0,0.12
1284,74.75,6.33,6.75,6.5,6.17,7.0,7.25,6.75,0.11
1285,74.75,6.42,6.75,6.67,6.17,7.17,7.0,6.58,0.11
1286,74.67,6.75,7.08,7.0,6.83,7.5,7.33,6.83,0.12
1287,74.42,7.33,7.5,7.25,7.0,7.25,7.42,7.33,0.0
1288,74.33,6.0,6.5,6.33,6.5,7.5,7.33,6.83,0.11
1289,74.33,6.67,7.0,6.58,6.67,6.83,7.08,6.83,0.14
1290,74.0,6.5,6.92,6.42,6.17,7.33,7.25,6.75,0.13
1291,73.83,7.08,7.67,7.0,7.17,7.58,7.33,7.33,0.12
1292,73.67,7.33,7.17,7.17,7.17,7.58,7.67,6.92,0.0
1293,73.5,6.67,7.25,6.58,6.58,7.0,7.0,6.42,0.11
1294,73.42,7.08,7.0,7.17,6.83,7.17,7.0,7.17,0.11
1295,72.92,6.92,7.08,7.08,6.92,7.08,6.92,6.92,0.0
1296,72.83,7.33,8.0,7.33,7.75,7.33,7.42,7.67,0.0
1297,72.58,6.92,6.92,6.92,6.92,7.5,7.58,7.17,0.11
1298,72.33,6.42,6.92,6.75,7.08,7.17,7.33,6.67,0.08
1299,71.75,6.25,6.33,6.5,6.33,6.83,6.33,6.5,0.11
1300,71.08,6.58,6.92,6.92,6.92,6.92,7.17,7.0,0.12
1301,71.0,6.42,6.5,6.67,6.42,7.17,7.33,6.5,0.11
1302,70.75,6.75,6.92,7.0,6.83,6.92,7.42,6.92,0.12
1303,70.67,6.67,7.0,7.0,6.83,7.0,7.33,6.83,0.11
1304,69.33,6.33,6.67,6.5,6.17,6.67,6.83,6.17,0.1
1305,69.17,6.5,7.0,6.17,6.17,6.67,6.5,6.17,0.1
1306,69.17,6.33,7.0,6.33,6.17,6.5,6.67,6.17,0.1
1307,68.33,6.75,7.08,6.83,6.25,7.42,7.25,6.75,0.11
1308,67.92,6.42,6.75,6.58,6.42,6.67,7.08,6.67,0.14
1309,63.08,6.17,7.25,6.58,6.33,6.25,6.42,6.08,0.13
1310,59.83,6.67,7.5,6.67,6.67,7.67,7.33,6.67,0.1
1311,0.0,0.0,0.0,0.0,0.0,0.0,0.0,0.0,0.12
1312,83.75,8.0,7.83,8.08,7.75,7.92,8.25,7.92,0.12
1313,83.5,8.0,8.0,7.75,7.92,8.0,7.92,7.92,0.0
1314,83.25,8.0,7.92,7.83,7.92,8.0,7.83,7.92,0.0
1315,83.0,8.08,8.0,7.92,7.92,7.75,7.83,7.75,0.12
1316,83.0,7.67,8.33,7.83,7.83,7.75,8.25,7.75,0.12
1317,82.75,7.75,8.0,7.92,7.67,8.0,7.75,7.92,0.0
1318,82.58,7.83,7.67,7.75,7.83,7.83,7.92,7.75,0.0
1319,82.5,7.92,7.67,7.75,7.83,7.67,7.92,7.83,0.1
1320,82.5,7.92,7.67,7.75,7.58,7.83,7.83,8.0,0.09
1321,82.42,7.83,7.67,7.83,7.83,7.83,7.92,7.75,0.12
1322,81.75,7.83,7.58,7.92,7.75,7.83,7.5,7.67,0.12
1323,81.58,7.75,7.67,7.83,7.75,7.5,7.75,7.58,0.11
1324,81.58,8.33,7.58,7.58,7.67,7.58,7.67,7.67,0.0
1325,81.5,7.67,8.0,7.75,7.75,7.58,7.67,7.5,0.11
1326,81.5,7.75,8.0,7.67,7.75,7.5,7.67,7.58,0.12
1327,81.42,7.83,7.75,7.75,7.67,7.67,7.58,7.58,0.0
1328,81.25,7.83,7.5,7.5,7.25,7.83,7.67,7.83,0.13
1329,80.92,7.58,7.33,7.58,7.5,7.75,7.75,7.67,0.12
1330,80.58,7.42,7.83,7.58,7.33,7.67,7.5,7.5,0.12
1331,80.5,7.5,7.75,7.42,7.33,7.58,7.67,7.58,0.12
1332,80.17,7.5,7.67,7.67,7.5,7.33,7.58,7.5,0.0
1333,80.17,7.58,7.58,7.42,7.42,7.83,7.42,7.5,0.0
1334,79.33,7.33,7.92,7.5,7.42,7.42,7.42,7.42,0.0
1335,78.75,7.83,7.75,7.58,7.33,7.58,5.08,7.83,0.0
1336,78.08,8.58,7.5,7.67,7.75,7.75,5.17,5.25,0.0
1337,77.17,7.17,7.33,7.33,7.17,7.42,7.5,7.17,0.0
1338,75.08,6.92,7.42,6.83,6.75,7.17,7.25,7.0,0.1
1339,73.75,7.92,6.75,6.67,6.5,6.83,6.92,6.83,0.12
